label;model;x0;ampli;fwhm;fwhm_l;fwhm_r;alpha
1;Lorentzian;520.093658194813;1006.3979283894481;9.799683599296326;;;
2;Lorentzian;288.07812500061686;62.31758190761119;199.99999999691573;;;
3;Lorentzian;636.6328014624912;48.395998192024265;160.8971567527277;;;
4;Lorentzian;975.5136710817519;76.120588718334;126.67517937396133;;;
5;Lorentzian;537.4453130153332;122.09099453072479;22.994559812079306;;;
