label;model;x0;ampli;fwhm;fwhm_l;fwhm_r;alpha
1;Lorentzian;520.0931844461127;968.117402422786;9.875072075770518;;;
2;Lorentzian;288.07812506767254;56.65746830725138;199.99999999479024;;;
3;Lorentzian;636.6328129994307;40.792568844435706;157.1330142592811;;;
4;Lorentzian;975.513651978407;77.0950542824063;112.1206590801637;;;
5;Lorentzian;537.4453130010064;120.00524885771407;23.760375465294416;;;
