label;model;x0;ampli;fwhm;fwhm_l;fwhm_r;alpha
1;Lorentzian;520.0244755270744;948.3054978322797;9.754859301455499;;;
2;Lorentzian;288.07812500061686;55.69474413523783;199.99999997573002;;;
3;Lorentzian;636.6326128010417;43.52102137608498;156.1968304318897;;;
4;Lorentzian;975.5136719996549;71.13918524906545;155.3236942794157;;;
5;Lorentzian;537.4453130006169;118.1281420000215;23.647253766338217;;;
