label;model;x0;ampli;fwhm;fwhm_l;fwhm_r;alpha
1;Lorentzian;520.1833161934801;903.0864918504961;9.62025688120277;;;
2;Lorentzian;288.07812500061686;47.667315812674694;199.9999999969158;;;
3;Lorentzian;636.6327673640113;40.54396885753753;147.91736531431064;;;
4;Lorentzian;975.5135881253173;84.58654842281489;90.0402180607433;;;
5;Lorentzian;537.4453130076646;111.75454519726213;23.570057829912017;;;
