label;model;x0;ampli;fwhm;fwhm_l;fwhm_r;alpha
1;Lorentzian;520.1788619992886;892.4632340557009;9.925439782551726;;;
2;Lorentzian;288.07812500061686;47.254463420716384;199.9999999969158;;;
3;Lorentzian;636.6327914861246;36.94073663699572;156.43531645304415;;;
4;Lorentzian;975.5136192604558;62.28210898762151;115.97444851073855;;;
5;Lorentzian;537.4453132812927;102.06121975101716;22.9140862574179;;;
