label;model;x0;ampli;fwhm;fwhm_l;fwhm_r;alpha
1;Lorentzian;520.0439666756491;970.7686473457316;9.89522987215784;;;
2;Lorentzian;288.0781250054466;54.813757052470606;199.99999998763224;;;
3;Lorentzian;636.6328129993831;44.02846475617217;170.66189226061962;;;
4;Lorentzian;975.5136512963227;71.81027359635077;123.02186568017596;;;
5;Lorentzian;537.4453130006115;118.2816675424154;24.27016625993734;;;
