label;model;x0;ampli;fwhm;fwhm_l;fwhm_r;alpha
1;Lorentzian;520.1448009667654;985.5650848338568;9.955915167872387;;;
2;Lorentzian;288.07812520544866;61.033123150522904;199.99999999691568;;;
3;Lorentzian;636.632674938543;45.4803999049686;150.43187894906671;;;
4;Lorentzian;975.5136719993536;66.00468064304889;151.3087976477586;;;
5;Lorentzian;537.4453130006169;114.60450562158802;24.27355956967283;;;
