label;model;x0;ampli;fwhm;fwhm_l;fwhm_r;alpha
1;Lorentzian;520.149649671266;969.1987346467397;9.68975428156391;;;
2;Lorentzian;288.0781250006164;77.95025895114182;199.99999999869664;;;
3;Lorentzian;631.3040215586203;55.09135072196278;199.9999999969158;;;
4;Lorentzian;975.5136025078826;65.08974045148418;199.9987802852321;;;
5;Lorentzian;537.4453130006169;107.937191665219;24.413501597467814;;;
