label;model;x0;ampli;fwhm;fwhm_l;fwhm_r;alpha
1;Lorentzian;520.2003317268435;892.3508863988393;9.930806405418057;;;
2;Lorentzian;288.0781250013954;53.64166472065201;199.99999999429426;;;
3;Lorentzian;636.6328129992331;41.96437164498908;162.0031572321083;;;
4;Lorentzian;975.5136680321245;64.5319583387093;157.78863076472578;;;
5;Lorentzian;537.4453130006167;105.30475981251952;24.13045346433472;;;
