label;model;x0;ampli;fwhm;fwhm_l;fwhm_r;alpha
1;Lorentzian;519.9583392230672;979.505130753633;9.678952105236426;;;
2;Lorentzian;288.07812500181103;60.25845186420268;199.9999999969158;;;
3;Lorentzian;636.6310669236096;42.94876807317295;149.21865301354813;;;
4;Lorentzian;975.5136719993831;62.89373148386387;182.2348581248828;;;
5;Lorentzian;537.4453130006169;121.69609280598289;24.833627945635083;;;
