label;model;x0;ampli;fwhm;fwhm_l;fwhm_r;alpha
1;Lorentzian;520.1617617568465;905.6519893624214;10.007892321134182;;;
2;Lorentzian;288.0781250007888;55.68497680416608;199.99999966800863;;;
3;Lorentzian;636.6328129383569;40.82198944276225;172.82429946862945;;;
4;Lorentzian;975.5136619329819;71.82188499820963;129.60855372910495;;;
5;Lorentzian;537.4453130006098;108.27634594003513;23.083934777560835;;;
