label;model;x0;ampli;fwhm;fwhm_l;fwhm_r;alpha
1;Lorentzian;519.9484952806765;969.1593400551304;9.995577207658924;;;
2;Lorentzian;288.07812500061686;57.2449480683406;199.9999999590129;;;
3;Lorentzian;636.632812767994;41.689191189453766;151.02084340313831;;;
4;Lorentzian;975.5135443142111;64.3478315217099;135.10340135257528;;;
5;Lorentzian;537.4453130135666;123.45293302726918;22.896330513017947;;;
