label;model;x0;ampli;fwhm;fwhm_l;fwhm_r;alpha
1;Lorentzian;519.8480964092454;924.4748988936026;9.493402672353024;;;
2;Lorentzian;288.07812500105774;50.198687203632325;199.99999999691568;;;
3;Lorentzian;636.6328129988851;39.67536343509518;155.49663090675355;;;
4;Lorentzian;975.5136279451688;64.8095610205402;129.34327459813886;;;
5;Lorentzian;537.4453130006169;115.0914387437219;25.44038631522759;;;
