label;model;x0;ampli;fwhm;fwhm_l;fwhm_r;alpha
1;Lorentzian;520.1735510609906;915.50344819631;9.668971784225155;;;
2;Lorentzian;288.07812501409296;57.40770777833239;199.99999974934644;;;
3;Lorentzian;636.6328129993835;42.733424631912214;178.8178358862231;;;
4;Lorentzian;975.5136719942514;68.70932312897692;144.8157055361895;;;
5;Lorentzian;537.4453130001291;101.68383113442276;22.642592096636193;;;
