label;model;x0;ampli;fwhm;fwhm_l;fwhm_r;alpha
1;Lorentzian;519.9640513712794;972.3479582210454;9.682982375446015;;;
2;Lorentzian;288.07812500061686;55.30957860482169;199.9999999969158;;;
3;Lorentzian;636.632734783767;41.66580228099808;145.98257967086025;;;
4;Lorentzian;975.5136424391483;60.73369373681871;152.61046289277846;;;
5;Lorentzian;537.4453130792034;125.34509431772743;23.53930296986445;;;
