label;model;x0;ampli;fwhm;fwhm_l;fwhm_r;alpha
1;Lorentzian;520.004857505202;973.7816270939758;9.820896363844911;;;
2;Lorentzian;288.07812500061686;57.92669613132355;199.9999999969157;;;
3;Lorentzian;636.6328126911957;42.85346189920123;149.73750738496844;;;
4;Lorentzian;975.513612597027;73.58515628205744;118.81317826472588;;;
5;Lorentzian;537.4453130068438;119.56179798952542;24.180646367007796;;;
