label;model;x0;ampli;fwhm;fwhm_l;fwhm_r;alpha
1;Lorentzian;520.1106897218606;906.5798689560924;10.079739246906616;;;
2;Lorentzian;288.0781250400944;53.25989053201882;199.9999999963639;;;
3;Lorentzian;636.632792177102;41.03757005101945;146.96786629923454;;;
4;Lorentzian;975.5136706493794;66.34981348320377;166.27770062875726;;;
5;Lorentzian;537.44531300062;101.53360209917652;23.004802516142508;;;
