label;model;x0;ampli;fwhm;fwhm_l;fwhm_r;alpha
1;Lorentzian;520.1371294614692;971.8611528117195;9.859005875197512;;;
2;Lorentzian;288.07812500061766;59.98357113579366;199.9999999597484;;;
3;Lorentzian;636.6325774224348;43.46434694232287;151.35615792471856;;;
4;Lorentzian;975.5136719988777;67.2449245044939;156.06360899011366;;;
5;Lorentzian;537.4453130006169;119.18320989303805;25.43600559800622;;;
