label;model;x0;ampli;fwhm;fwhm_l;fwhm_r;alpha
1;Lorentzian;520.1477685817867;906.8704823650775;9.922965788694594;;;
2;Lorentzian;288.0781251740083;48.08490963634314;199.99999999733828;;;
3;Lorentzian;636.6328129191813;39.962810218671294;152.85146870338085;;;
4;Lorentzian;975.5136083455686;73.06158320034149;108.47425599167313;;;
5;Lorentzian;537.4453130006134;95.3943680837844;24.195497518957943;;;
