label;model;x0;ampli;fwhm;fwhm_l;fwhm_r;alpha
1;Lorentzian;520.047016039565;896.5092234789819;10.013032830024748;;;
2;Lorentzian;288.07812500061294;57.885088795457655;199.99999992025758;;;
3;Lorentzian;636.632806985654;43.476622503752274;163.3920873552149;;;
4;Lorentzian;975.5136691650276;77.08105916385388;125.01671735628292;;;
5;Lorentzian;537.445313023765;112.87275108079338;23.05716632798669;;;
