label;model;x0;ampli;fwhm;fwhm_l;fwhm_r;alpha
1;Lorentzian;519.9562953964534;990.0118031471283;9.771901246172277;;;
2;Lorentzian;288.0781250044892;58.92285319841475;199.9999999951819;;;
3;Lorentzian;636.6328118169796;46.18326312663266;168.30226116653733;;;
4;Lorentzian;975.5136719989175;79.0470538749581;116.68586214893479;;;
5;Lorentzian;537.4453130401985;120.5293648644248;23.3131984919272;;;
