label;model;x0;ampli;fwhm;fwhm_l;fwhm_r;alpha
1;Lorentzian;519.942444344285;996.8601412607968;9.609334972978322;;;
2;Lorentzian;288.07812500061686;60.37596170266996;199.9999999969158;;;
3;Lorentzian;636.6328106478323;43.307257628777;152.0175977953472;;;
4;Lorentzian;975.5136222925069;64.15858857162772;164.93187444212452;;;
5;Lorentzian;537.445313089651;133.77042349177722;22.35338381945947;;;
