label;model;x0;ampli;fwhm;fwhm_l;fwhm_r;alpha
1;Lorentzian;520.0354458556747;950.1882217250671;9.758970222559004;;;
2;Lorentzian;288.0781250017585;54.23276651931501;199.99999952363828;;;
3;Lorentzian;636.6328129972384;40.797872927613476;155.73516480880886;;;
4;Lorentzian;975.5136719999897;58.67020634549379;167.49221660006958;;;
5;Lorentzian;537.4453130007454;113.58639349054488;23.53489405645941;;;
