label;model;x0;ampli;fwhm;fwhm_l;fwhm_r;alpha
1;Lorentzian;520.1150532559324;995.01621937801;10.065510654264953;;;
2;Lorentzian;288.0781250070374;56.160933265765905;199.9999999968794;;;
3;Lorentzian;636.6328124697695;44.926796610459746;142.78073448245954;;;
4;Lorentzian;975.513647415493;65.41221656384107;143.66465013677455;;;
5;Lorentzian;537.4453130006169;110.93006906955385;24.062021433723302;;;
