label;model;x0;ampli;fwhm;fwhm_l;fwhm_r;alpha
1;Lorentzian;520.1535001926345;933.2207513992925;9.72303551175836;;;
2;Lorentzian;288.0781250006171;54.518686209997355;199.99999999813306;;;
3;Lorentzian;635.0628627555953;44.67685835868188;139.84657178851637;;;
4;Lorentzian;975.5136719989187;59.24661229556629;199.99995856247259;;;
5;Lorentzian;537.4453130006168;102.05091979155989;23.28656765516862;;;
