label;model;x0;ampli;fwhm;fwhm_l;fwhm_r;alpha
1;Lorentzian;519.9399786468476;963.3510309024841;9.466168565098354;;;
2;Lorentzian;288.07812500061686;56.97204630908777;199.9999999969158;;;
3;Lorentzian;636.6328129989026;43.03990468148934;163.17379819041963;;;
4;Lorentzian;975.5136446098865;68.03106116758664;137.51535065216532;;;
5;Lorentzian;537.4453130031592;122.61709313447761;23.30358424264508;;;
