label;model;x0;ampli;fwhm;fwhm_l;fwhm_r;alpha
1;Lorentzian;519.9541108983068;985.569497039044;9.740299947262365;;;
2;Lorentzian;288.0781250006185;59.544432405666;199.99999999678252;;;
3;Lorentzian;636.6328129993564;44.97804331947983;168.77328923866074;;;
4;Lorentzian;975.5136468819973;89.72278943573748;98.13097269886761;;;
5;Lorentzian;537.4453130425444;122.22729371752841;23.984500046195222;;;
