label;model;x0;ampli;fwhm;fwhm_l;fwhm_r;alpha
1;Lorentzian;520.0278953827255;1001.8150764832232;9.732975085022822;;;
2;Lorentzian;288.0781250007124;62.81886031086015;199.99999999839693;;;
3;Lorentzian;636.6325028978908;44.20512047857699;146.6811563412085;;;
4;Lorentzian;975.5136715214917;64.05945945545713;160.45286382003323;;;
5;Lorentzian;537.4453130006169;119.51276149391884;24.27560815226153;;;
