label;model;x0;ampli;fwhm;fwhm_l;fwhm_r;alpha
1;Lorentzian;520.0109442981216;890.7438556286669;9.770277519094773;;;
2;Lorentzian;288.0781250006158;51.5744744732549;199.9999999999965;;;
3;Lorentzian;636.6328129803554;43.137344754300095;169.9883882248289;;;
4;Lorentzian;975.5136608241543;79.439396019499;108.3986257679491;;;
5;Lorentzian;537.4453130506662;100.38889782871827;24.23534798112318;;;
