label;model;x0;ampli;fwhm;fwhm_l;fwhm_r;alpha
1;Lorentzian;520.078447789564;928.1338730686681;9.463272356069963;;;
2;Lorentzian;288.07812500061686;49.509328359771814;199.9999999969158;;;
3;Lorentzian;636.6326445957553;42.13930295629202;137.77882466335961;;;
4;Lorentzian;975.5136686105444;73.97262119832719;101.33074801172819;;;
5;Lorentzian;537.4453132095948;111.4191025709274;23.794153091871838;;;
