label;model;x0;ampli;fwhm;fwhm_l;fwhm_r;alpha
1;Lorentzian;520.0818381677763;989.7269168202282;9.784127217414351;;;
2;Lorentzian;288.0781250005932;58.93940370899583;199.99999994078726;;;
3;Lorentzian;636.6318067112468;47.401451310348065;154.10648754164592;;;
4;Lorentzian;975.5136719993441;64.42690231104358;154.72023799953664;;;
5;Lorentzian;537.4453130006135;114.25890454407187;25.015278591345037;;;
