label;model;x0;ampli;fwhm;fwhm_l;fwhm_r;alpha
1;Lorentzian;520.4584281424283;965.3076027395475;10.9298426549017;;;
2;Lorentzian;288.07812500061686;55.470876525083554;199.9999999969158;;;
3;Lorentzian;633.756162692302;0.0011978458004926473;91.14593893792063;;;
4;Lorentzian;975.4350816450138;68.71787772905513;121.72353845620599;;;
5;Lorentzian;574.7122586967156;59.86852740731504;199.99999999675535;;;
