label;model;x0;ampli;fwhm;fwhm_l;fwhm_r;alpha
1;Lorentzian;520.0365098778287;904.3331112832559;9.730738007302897;;;
2;Lorentzian;288.07812500075056;54.712007096170346;199.99999999807065;;;
3;Lorentzian;636.6328129994006;43.12312295881596;179.28578360359845;;;
4;Lorentzian;975.5136576903595;75.80722623222873;110.62561456341933;;;
5;Lorentzian;537.4453130443394;103.20200730360384;23.00595843929577;;;
