label;model;x0;ampli;fwhm;fwhm_l;fwhm_r;alpha
1;Lorentzian;520.0479721912284;926.6722914630069;9.558082225050079;;;
2;Lorentzian;288.07812500061686;52.23698843126903;199.9999999969158;;;
3;Lorentzian;636.6328129990231;39.35427666930297;141.79628410394082;;;
4;Lorentzian;975.5136367064571;61.34294543229946;161.16424149846006;;;
5;Lorentzian;537.4453130000015;119.14920949686542;22.543018767094335;;;
