label;model;x0;ampli;fwhm;fwhm_l;fwhm_r;alpha
1;Lorentzian;519.9833724736574;962.9510501329797;9.532206386289111;;;
2;Lorentzian;288.07812500061743;59.03638196746506;199.99999999691437;;;
3;Lorentzian;636.6328129474773;45.64718992743962;158.56240485914782;;;
4;Lorentzian;975.5136266613522;66.28369271826769;155.6976361670437;;;
5;Lorentzian;537.4453130312663;114.77008624870594;24.061937482155848;;;
