label;model;x0;ampli;fwhm;fwhm_l;fwhm_r;alpha
1;Lorentzian;520.1660330219345;901.261936391843;9.598986760675643;;;
2;Lorentzian;288.07812500061686;54.73630720611263;199.9999999907177;;;
3;Lorentzian;636.017427762961;41.98602002660975;139.92074128555055;;;
4;Lorentzian;975.5136719979625;54.75660357971075;199.99999964517338;;;
5;Lorentzian;537.4453130006169;111.78314519445547;24.88461988208588;;;
