label;model;x0;ampli;fwhm;fwhm_l;fwhm_r;alpha
1;Lorentzian;519.9081164462273;957.6127381534063;9.735955389971496;;;
2;Lorentzian;288.07812500061686;65.77706674761654;199.99977649077914;;;
3;Lorentzian;631.1758738576414;44.86548352204768;169.88315630016743;;;
4;Lorentzian;975.5136719993924;62.53116934864044;183.58100901667524;;;
5;Lorentzian;537.4453130006169;117.6563844500877;25.758878239648997;;;
