label;model;x0;ampli;fwhm;fwhm_l;fwhm_r;alpha
1;Lorentzian;519.867613065679;1024.0601592779437;9.454212180652933;;;
2;Lorentzian;288.07812500243153;59.84699542952634;199.99999987527798;;;
3;Lorentzian;636.6328129993221;46.12921056642571;160.42251084072095;;;
4;Lorentzian;975.5136538301061;77.8157916091734;123.9592717105141;;;
5;Lorentzian;537.4453130062739;118.76988733630152;24.563879686284462;;;
