label;model;x0;ampli;fwhm;fwhm_l;fwhm_r;alpha
1;Lorentzian;520.1082452720757;918.4718438068344;9.635429761300497;;;
2;Lorentzian;288.0781250006158;55.93961880371149;199.9999999873798;;;
3;Lorentzian;636.632812835297;45.11091036628989;163.33705116879958;;;
4;Lorentzian;975.5136480611602;70.83435226782464;139.29484969903314;;;
5;Lorentzian;537.4453130006166;115.98498429857622;23.132353845451515;;;
