label;model;x0;ampli;fwhm;fwhm_l;fwhm_r;alpha
1;Lorentzian;520.1156349680259;880.8952040656367;10.024644455255437;;;
2;Lorentzian;288.0781250006169;50.47427722241858;199.9999999969158;;;
3;Lorentzian;636.6328129889903;40.08756793773534;147.9158415155066;;;
4;Lorentzian;975.5136186878455;70.91308211499032;107.41986889850239;;;
5;Lorentzian;537.4453130037078;115.07766138435477;22.160729624056398;;;
