label;model;x0;ampli;fwhm;fwhm_l;fwhm_r;alpha
1;Lorentzian;519.9992619142673;893.073334935245;9.958628308294216;;;
2;Lorentzian;288.07812500747696;54.57901351715529;199.99999999368976;;;
3;Lorentzian;636.63281102934;43.5715634306026;157.58119431515402;;;
4;Lorentzian;975.5136711686489;69.11281515477437;125.98881545145608;;;
5;Lorentzian;537.4453133034121;115.4090984146653;24.113478636539696;;;
