label;model;x0;ampli;fwhm;fwhm_l;fwhm_r;alpha
1;Lorentzian;520.2105132709308;887.677406178312;9.8349405198922;;;
2;Lorentzian;289.5113818657779;25.41338920920162;88.66113234160721;;;
3;Lorentzian;630.7374173119771;25.0976510340463;118.1958906809744;;;
4;Lorentzian;959.3379393609654;60.269313628776246;53.73710958883831;;;
5;Lorentzian;537.7194683358402;99.59799244406342;23.73781505338014;;;
