label;model;x0;ampli;fwhm;fwhm_l;fwhm_r;alpha
1;Lorentzian;520.1183475977219;955.9108834843956;9.978754585317551;;;
2;Lorentzian;295.55351730282075;24.446082415492544;100.42661021389392;;;
3;Lorentzian;629.395044904904;25.49630699973647;126.58155920908891;;;
4;Lorentzian;949.1008434918884;61.97510389321846;29.51969371279537;;;
5;Lorentzian;537.6141312417332;106.31735471180724;22.394572091666888;;;
