label;model;x0;ampli;fwhm;fwhm_l;fwhm_r;alpha
1;Lorentzian;520.1123516968348;649.3034113089304;10.14384551550338;;;
2;Lorentzian;289.0736537220929;15.435065857841042;106.86788808643169;;;
3;Lorentzian;616.4448026163554;17.266693644214953;83.35958267992028;;;
4;Lorentzian;949.0197472281737;36.3398922398684;23.81348880722196;;;
5;Lorentzian;537.9091645407639;61.19798265447268;22.274304312662974;;;
