label;model;x0;ampli;fwhm;fwhm_l;fwhm_r;alpha
1;Lorentzian;520.4277668555047;655.6993455402552;10.475755195690972;;;
2;Lorentzian;315.12891979631235;24.73825661308256;199.99436886487936;;;
3;Lorentzian;610.1922080831223;19.15214236600479;66.06894733547784;;;
4;Lorentzian;946.9895276597827;41.53673874139895;17.969861870248437;;;
5;Lorentzian;546.0508513506741;51.43372553676582;32.84990296341507;;;
