label;model;x0;ampli;fwhm;fwhm_l;fwhm_r;alpha
1;Lorentzian;520.2134299615215;641.745348564372;10.24771934215325;;;
2;Lorentzian;290.4447008443502;18.28121001931625;74.39638754904675;;;
3;Lorentzian;619.2771454933415;18.86560208339273;89.82100634765604;;;
4;Lorentzian;949.8404885338033;39.71263494320025;35.466779775786364;;;
5;Lorentzian;537.4672568634164;62.705077683545554;28.318736429158207;;;
