label;model;x0;ampli;fwhm;fwhm_l;fwhm_r;alpha
1;Lorentzian;520.0820088540337;738.7206098089204;9.804801086911885;;;
2;Lorentzian;290.6961482072737;20.18793198605055;87.97502983003895;;;
3;Lorentzian;636.4273934422743;16.602067191530114;114.77218762980763;;;
4;Lorentzian;947.7561865703401;48.198024299517925;25.99932213519184;;;
5;Lorentzian;537.6976646294573;82.64239587061955;25.488994039580838;;;
