label;model;x0;ampli;fwhm;fwhm_l;fwhm_r;alpha
1;Lorentzian;520.2618349482947;659.577356066265;10.395104670826871;;;
2;Lorentzian;288.07812509244167;18.160224213677957;98.3894104533872;;;
3;Lorentzian;619.711849795613;17.25620265024812;85.82296530044458;;;
4;Lorentzian;949.9793640865064;41.150982730200184;36.13005375494861;;;
5;Lorentzian;537.5580324751311;64.2824738209722;23.252342817394222;;;
