label;model;x0;ampli;fwhm;fwhm_l;fwhm_r;alpha
1;Lorentzian;520.1279182198517;645.0445281924858;9.870184856096975;;;
2;Lorentzian;288.1451206464562;18.042038655043314;91.10800899569048;;;
3;Lorentzian;618.9804618530271;13.696383862629574;89.04441315872108;;;
4;Lorentzian;957.5282937464422;38.12940327093457;42.87089241711378;;;
5;Lorentzian;537.6313697654357;76.64570472883226;24.082612868327324;;;
