label;model;x0;ampli;fwhm;fwhm_l;fwhm_r;alpha
1;Lorentzian;520.4915261965068;578.0991141240296;11.227023817539283;;;
2;Lorentzian;324.653961011305;24.593902676467977;175.27020513637538;;;
3;Lorentzian;626.8317638996663;16.57133880478387;39.29376070386007;;;
4;Lorentzian;948.3001038232616;38.25445255714021;16.278003017673182;;;
5;Lorentzian;554.3650694575754;42.552783741156034;52.719805839103905;;;
