label;model;x0;ampli;fwhm;fwhm_l;fwhm_r;alpha
1;Lorentzian;520.2218078288831;698.7866821333915;9.799377212136463;;;
2;Lorentzian;288.9027716500548;18.044810150725336;80.82230930914453;;;
3;Lorentzian;622.496738453306;16.465853516671036;93.33307407652;;;
4;Lorentzian;951.0617166061456;38.35094149368783;38.58567771694303;;;
5;Lorentzian;537.4586249285984;84.27243308978086;27.431472007460556;;;
