label;model;x0;ampli;fwhm;fwhm_l;fwhm_r;alpha
1;Lorentzian;520.0747397696999;598.8262925235806;9.482141626687213;;;
2;Lorentzian;326.89075322676763;28.45978706583323;198.79238096989994;;;
3;Lorentzian;607.1935783770226;20.594360439993427;79.93747166146372;;;
4;Lorentzian;944.984283198335;36.797824851787766;16.64649953479068;;;
5;Lorentzian;537.7973429696523;57.14314369806232;31.750182676659698;;;
