label;model;x0;ampli;fwhm;fwhm_l;fwhm_r;alpha
1;Lorentzian;520.194709966235;611.6592736531953;9.738890459653716;;;
2;Lorentzian;325.67213355682827;19.905717798920083;199.11252169437805;;;
3;Lorentzian;612.346891834069;21.96040543659369;85.93006112842954;;;
4;Lorentzian;947.6923359742078;42.800665208182984;24.848524672281304;;;
5;Lorentzian;537.4542368669909;72.25646572857917;21.212985817676;;;
