label;model;x0;ampli;fwhm;fwhm_l;fwhm_r;alpha
1;Lorentzian;520.0572279535892;645.2902430010275;9.79689599875;;;
2;Lorentzian;291.0804553382427;14.983078958826058;62.699905259803636;;;
3;Lorentzian;620.4457421673633;16.98719074683845;68.28309723557669;;;
4;Lorentzian;949.6020360412435;37.619294989242114;28.33613192568385;;;
5;Lorentzian;537.4477684568576;63.40560153774365;25.93997289537169;;;
