label;model;x0;ampli;fwhm;fwhm_l;fwhm_r;alpha
1;Lorentzian;520.2782655066055;626.1398614943255;9.944446715652521;;;
2;Lorentzian;327.95680589632946;27.265618136951087;198.50050431878157;;;
3;Lorentzian;607.8232616549415;21.09305983857616;80.5453602865479;;;
4;Lorentzian;945.4458871123616;38.09890696397297;18.730004751281946;;;
5;Lorentzian;538.3803402836721;59.30324285908153;25.43835468789124;;;
