label;model;x0;ampli;fwhm;fwhm_l;fwhm_r;alpha
1;Lorentzian;520.1081523828516;726.3967650104024;9.76420225982546;;;
2;Lorentzian;288.0858758052258;19.835406710391794;198.8759679976826;;;
3;Lorentzian;603.8234667112973;23.16929468241869;87.57554655546109;;;
4;Lorentzian;950.8306616151236;42.800373489970596;26.766210749210074;;;
5;Lorentzian;537.5014843861218;80.12372266851271;21.136004210388915;;;
