label;model;x0;ampli;fwhm;fwhm_l;fwhm_r;alpha
1;Lorentzian;519.946983604954;631.9741781023648;9.756151884028153;;;
2;Lorentzian;291.43269831384225;16.198483485053462;61.95535325242062;;;
3;Lorentzian;622.8418379833963;19.50752451843391;71.04522647844722;;;
4;Lorentzian;950.0138727315904;38.24609361304834;29.193575695057127;;;
5;Lorentzian;537.5392945615652;83.6706121448368;20.907616045214972;;;
