label;model;x0;ampli;fwhm;fwhm_l;fwhm_r;alpha
1;Lorentzian;520.159215213244;655.1350798822851;10.131434266485307;;;
2;Lorentzian;289.89188252363704;13.292546462908748;114.44195058469002;;;
3;Lorentzian;633.1368745387659;15.142186420649306;84.46068058013415;;;
4;Lorentzian;946.7325859546211;39.595035453449725;23.78785673938082;;;
5;Lorentzian;541.3971628494985;64.13634533091961;27.518885217674192;;;
