label;model;x0;ampli;fwhm;fwhm_l;fwhm_r;alpha
1;Lorentzian;520.2734587063761;610.4020911641283;10.215103422418881;;;
2;Lorentzian;289.0315509388338;14.096442569548277;98.6560580996469;;;
3;Lorentzian;623.8168720633722;15.942750048573323;81.06690769514152;;;
4;Lorentzian;948.5131130853259;33.97744850312531;30.96421366964952;;;
5;Lorentzian;537.4552971554158;64.6499934251192;23.49245390487805;;;
