label;model;x0;ampli;fwhm;fwhm_l;fwhm_r;alpha
1;Lorentzian;520.3294710451942;622.7623925313717;9.767353711572891;;;
2;Lorentzian;294.812919363019;16.794491588969834;72.95374179685237;;;
3;Lorentzian;623.3879260231658;14.230208387876157;93.2514683080493;;;
4;Lorentzian;946.9222611028312;36.839926763770116;27.74209803822011;;;
5;Lorentzian;537.4602091466636;72.88483421818131;25.110427342337015;;;
