label;model;x0;ampli;fwhm;fwhm_l;fwhm_r;alpha
1;Lorentzian;520.2386085673222;680.8682575181296;10.355029809496719;;;
2;Lorentzian;290.4712234365918;20.67299044984701;111.00397202008756;;;
3;Lorentzian;622.4749057288165;17.114833675297064;88.82199802575204;;;
4;Lorentzian;949.0684955535587;42.39289397111772;32.90060800499981;;;
5;Lorentzian;538.5235312382581;70.9397242985058;23.246255755967592;;;
