label;model;x0;ampli;fwhm;fwhm_l;fwhm_r;alpha
1;Lorentzian;520.0922773697444;650.9221412296853;10.088516530109626;;;
2;Lorentzian;288.3379984232246;19.075871018385396;93.50472416450785;;;
3;Lorentzian;621.7576900050187;17.930612657581758;85.06614312788867;;;
4;Lorentzian;949.2179316221216;38.06432389753451;36.65414680829476;;;
5;Lorentzian;537.6920907888059;64.35053495914683;24.05872043276499;;;
