label;model;x0;ampli;fwhm;fwhm_l;fwhm_r;alpha
1;Lorentzian;520.0246078672891;965.1756623188315;9.727545859336317;;;
2;Lorentzian;288.084458390413;24.87087833656206;92.76124746923675;;;
3;Lorentzian;636.2813522219186;27.587911457856602;90.31814810202287;;;
4;Lorentzian;951.5550943201101;61.187194748759275;36.17089326568341;;;
5;Lorentzian;537.4570738465715;104.47039704239293;28.787680129711426;;;
