label;model;x0;ampli;fwhm;fwhm_l;fwhm_r;alpha
1;Lorentzian;520.2266862798001;648.2859286640838;10.0895741015832;;;
2;Lorentzian;288.07958182004614;16.819722058665594;79.69286977871235;;;
3;Lorentzian;631.2461446881275;17.098705985982416;115.54845910828107;;;
4;Lorentzian;964.5289826619148;51.6643833735111;51.13263316198861;;;
5;Lorentzian;539.3129914823929;68.08612030750592;27.166588508097856;;;
