label;model;x0;ampli;fwhm;fwhm_l;fwhm_r;alpha
1;Lorentzian;520.0330140284068;663.0017968768155;9.977374704486374;;;
2;Lorentzian;327.8057989813575;18.339736002606283;189.6567267091076;;;
3;Lorentzian;610.0866813680682;19.631542117637103;91.69633211269091;;;
4;Lorentzian;947.3936077285598;43.69975675913888;23.62239515018517;;;
5;Lorentzian;537.4761236722297;76.79172017836571;22.468658393585084;;;
