label;model;x0;ampli;fwhm;fwhm_l;fwhm_r;alpha
1;Lorentzian;520.0787869935715;857.1410088229792;9.887873286344885;;;
2;Lorentzian;288.47118878384157;23.09332419845619;81.11187847193413;;;
3;Lorentzian;624.6917350727875;24.951116932783723;108.93221915831663;;;
4;Lorentzian;947.1061820178545;59.17343536649229;24.451795910902252;;;
5;Lorentzian;537.4777212833891;86.52141450358111;24.215755546326413;;;
