label;model;x0;ampli;fwhm;fwhm_l;fwhm_r;alpha
1;Lorentzian;520.1734897745107;721.8327119094183;9.87183667108108;;;
2;Lorentzian;289.4105564446954;16.044373293116326;82.19547980967013;;;
3;Lorentzian;618.8951000696818;15.036908150197966;91.25133038521871;;;
4;Lorentzian;948.3750489959623;38.998080176206074;32.17874463025176;;;
5;Lorentzian;537.4915390396102;78.31464848016572;25.188888167955035;;;
