label;model;x0;ampli;fwhm;fwhm_l;fwhm_r;alpha
1;Lorentzian;520.190029806704;669.7708702741281;10.191496238698406;;;
2;Lorentzian;288.2497536519674;14.358360538318776;84.35238067571504;;;
3;Lorentzian;618.9166349536994;17.785725196849896;77.03119191899951;;;
4;Lorentzian;954.1563978584055;33.79729814614242;50.814311589468396;;;
5;Lorentzian;537.464135338976;63.21697221456017;22.348448173271674;;;
