label;model;x0;ampli;fwhm;fwhm_l;fwhm_r;alpha
1;Lorentzian;520.1334174586788;702.3284086642898;9.755341452925691;;;
2;Lorentzian;288.08100934467836;16.77111237044243;96.63736495887672;;;
3;Lorentzian;619.1937307726326;17.964358247244313;95.684577038081;;;
4;Lorentzian;948.3274788186159;43.045986534317954;33.03655823573954;;;
5;Lorentzian;537.5281232910436;77.67468894508953;25.674075934135022;;;
