label;model;x0;ampli;fwhm;fwhm_l;fwhm_r;alpha
1;Lorentzian;520.0704053497686;672.6311244077319;9.922764737779966;;;
2;Lorentzian;298.3078722086399;16.950964189178848;62.12689339432982;;;
3;Lorentzian;621.4578215765105;16.28941798868356;66.90082378374652;;;
4;Lorentzian;947.5570651760171;42.54682564765725;23.044411955603994;;;
5;Lorentzian;538.0865813272343;66.8494757571152;32.25255989236565;;;
