label;model;x0;ampli;fwhm;fwhm_l;fwhm_r;alpha
1;Lorentzian;520.3085613282752;630.8713418771786;10.271183916967875;;;
2;Lorentzian;326.7088290258511;16.6149658168849;199.84408856826926;;;
3;Lorentzian;606.710152977223;21.635630289440865;78.71355312438614;;;
4;Lorentzian;949.4952528343474;40.02742886880544;25.40558875329554;;;
5;Lorentzian;538.0837669792023;57.4645224493579;25.55856020521572;;;
