label;model;x0;ampli;fwhm;fwhm_l;fwhm_r;alpha
1;Lorentzian;520.2665040015371;878.8431438742336;10.128622763466865;;;
2;Lorentzian;288.1692828498599;21.885010296560846;78.31440416375182;;;
3;Lorentzian;623.9103404678802;24.455395126626986;87.67509286078491;;;
4;Lorentzian;948.9005902171845;63.21864803191559;28.794649383013805;;;
5;Lorentzian;537.5872448685461;100.71748539017794;21.41034305272048;;;
