label;model;x0;ampli;fwhm;fwhm_l;fwhm_r;alpha
1;Lorentzian;520.2030924418013;616.6854991396318;10.069010837973602;;;
2;Lorentzian;323.93558507352736;27.692785668032094;196.43429115727508;;;
3;Lorentzian;618.1642668669275;17.935822558140902;58.94643556305539;;;
4;Lorentzian;950.23807030313;32.32340813402595;24.641813810802304;;;
5;Lorentzian;547.8450130436021;43.68726304524525;46.26305910491529;;;
