label;model;x0;ampli;fwhm;fwhm_l;fwhm_r;alpha
1;Lorentzian;520.144302495238;691.5327885416492;9.811731510596333;;;
2;Lorentzian;296.7465314683983;17.128823892399105;91.33556970090599;;;
3;Lorentzian;622.8913732766089;16.18377053650752;60.66358287951955;;;
4;Lorentzian;948.2146062791212;41.01845857443686;23.79548988432546;;;
5;Lorentzian;537.6302491494196;76.42924567416404;28.082114335614648;;;
