label;model;x0;ampli;fwhm;fwhm_l;fwhm_r;alpha
1;Lorentzian;520.227709875508;640.935888881595;10.103751427518814;;;
2;Lorentzian;327.94584062857604;26.18908964045119;199.09175865165133;;;
3;Lorentzian;609.1122295753778;18.84522195508969;69.10647130451612;;;
4;Lorentzian;952.6154846555495;28.310561437903004;32.90436119045093;;;
5;Lorentzian;547.840709564233;41.688081992557045;42.024631779461394;;;
