label;model;x0;ampli;fwhm;fwhm_l;fwhm_r;alpha
1;Lorentzian;520.3951565294415;593.1139530377927;11.1526661892143;;;
2;Lorentzian;326.99256366737046;23.547818405838115;196.45391908850692;;;
3;Lorentzian;634.1528524769675;11.715421641932515;27.4581166931797;;;
4;Lorentzian;947.6133657078361;34.91278300499329;21.17559320747039;;;
5;Lorentzian;565.0847778948817;32.157500862951466;64.68726444096743;;;
