label;model;x0;ampli;fwhm;fwhm_l;fwhm_r;alpha
1;Lorentzian;520.0249044054751;675.371425096372;9.6460122270157;;;
2;Lorentzian;293.8537360122432;18.029741027934975;66.88826967731187;;;
3;Lorentzian;609.3041892174089;11.925153146271343;93.60232488308921;;;
4;Lorentzian;950.3173563252197;41.22900395618667;33.522740617609415;;;
5;Lorentzian;537.4460756231429;76.04674270067277;25.093668723621875;;;
