label;model;x0;ampli;fwhm;fwhm_l;fwhm_r;alpha
1;Lorentzian;520.1055507776734;821.1310850642716;10.183477583663404;;;
2;Lorentzian;294.30581605460026;25.537437337664198;161.70139619683107;;;
3;Lorentzian;631.8441194186647;25.064577114929985;111.45744930662809;;;
4;Lorentzian;948.940461930194;49.88058382966797;36.489282310800085;;;
5;Lorentzian;538.1378135369522;95.08767274289077;24.958706442830582;;;
