label;model;x0;ampli;fwhm;fwhm_l;fwhm_r;alpha
1;Lorentzian;520.154541711364;929.3383780801698;9.456032594884856;;;
2;Lorentzian;289.9322286727827;18.41986250555132;91.36571084074578;;;
3;Lorentzian;629.1222285988279;24.794184118870213;80.02911179411366;;;
4;Lorentzian;949.3172339697624;59.79224461246389;32.02243572933242;;;
5;Lorentzian;537.5294129329778;104.18246891904774;23.015625143451835;;;
