label;model;x0;ampli;fwhm;fwhm_l;fwhm_r;alpha
1;Lorentzian;520.1161567379181;699.2408239576581;10.099184394660487;;;
2;Lorentzian;290.9325795545198;18.388635161321833;81.26628769602262;;;
3;Lorentzian;622.5644314785228;18.12919958232622;93.9755864024391;;;
4;Lorentzian;948.5074128445231;41.34532470002754;24.00201971363054;;;
5;Lorentzian;537.4460200290724;76.38029857916123;20.799179451678206;;;
