label;model;x0;ampli;fwhm;fwhm_l;fwhm_r;alpha
1;Lorentzian;520.2319693829966;594.8807859689996;10.03642748062955;;;
2;Lorentzian;288.5977240378993;15.136149932961484;74.84019475674981;;;
3;Lorentzian;624.8931301839019;13.565152933045015;81.62769726701211;;;
4;Lorentzian;961.8756439776321;40.91833995917796;47.702172911128685;;;
5;Lorentzian;537.4454555539854;61.568797819459206;33.604212774761756;;;
