label;model;x0;ampli;fwhm;fwhm_l;fwhm_r;alpha
1;Lorentzian;520.3745945990253;618.3334201246329;10.439684914372371;;;
2;Lorentzian;325.95830447028266;29.389988908753924;180.36813963851193;;;
3;Lorentzian;614.7519179172316;20.99627867662861;50.45213959592445;;;
4;Lorentzian;954.6393755980243;35.28654024388638;30.810128111308956;;;
5;Lorentzian;548.1924893501491;44.4691083643989;38.567559235782625;;;
