label;model;x0;ampli;fwhm;fwhm_l;fwhm_r;alpha
1;Lorentzian;519.9387964822234;670.0929086122153;9.663233391141034;;;
2;Lorentzian;288.09911958649127;18.61116187239594;96.70486049180744;;;
3;Lorentzian;619.0380425447005;20.186616561626945;98.66917361580451;;;
4;Lorentzian;944.4806161127286;49.630525432183674;22.033268456698284;;;
5;Lorentzian;538.1158383634404;77.67212597789658;24.20265230278449;;;
