label;model;x0;ampli;fwhm;fwhm_l;fwhm_r;alpha
1;Lorentzian;520.1109262396117;639.2496651017086;9.8964210416134;;;
2;Lorentzian;288.5948564849952;14.211345410876417;98.67329267827533;;;
3;Lorentzian;614.718998631605;16.949022378803118;55.926149167503404;;;
4;Lorentzian;949.1838023999624;37.96875911848036;29.166058372447;;;
5;Lorentzian;537.7106320820025;73.40652627683538;23.517550261184805;;;
