label;model;x0;ampli;fwhm;fwhm_l;fwhm_r;alpha
1;Lorentzian;520.1155754430879;703.8683956975414;10.383684034290352;;;
2;Lorentzian;288.20997830847017;17.831493881099565;81.05522086699295;;;
3;Lorentzian;630.1111706289003;17.115454233434857;88.54546367659826;;;
4;Lorentzian;952.1179692699368;43.05792098231939;36.07428963813223;;;
5;Lorentzian;537.5100249848824;71.5403847747454;23.402286446916477;;;
