label;model;x0;ampli;fwhm;fwhm_l;fwhm_r;alpha
1;Lorentzian;520.0860638979713;635.3052600869905;10.10193406413934;;;
2;Lorentzian;293.62554659158667;16.86286578362173;61.320553933380296;;;
3;Lorentzian;616.591642915181;12.96273335648892;109.4329894811886;;;
4;Lorentzian;952.3379562181184;40.1737339201719;34.086233545293034;;;
5;Lorentzian;537.6297913724854;78.26562588707378;24.99125571437173;;;
