label;model;x0;ampli;fwhm;fwhm_l;fwhm_r;alpha
1;Lorentzian;520.0218452107435;974.1490895229797;9.715812659221912;;;
2;Lorentzian;288.1715494133848;26.75405576497617;94.34115621613695;;;
3;Lorentzian;624.7282740022011;27.82379483421052;105.9578341919255;;;
4;Lorentzian;955.4035857830669;61.0681379574005;44.41208253586376;;;
5;Lorentzian;537.4603107061935;107.82763860379033;23.99032136563023;;;
