label;model;x0;ampli;fwhm;fwhm_l;fwhm_r;alpha
1;Lorentzian;520.1084812095563;660.9733384767254;9.774259738799584;;;
2;Lorentzian;288.50305863049454;17.043022114264065;100.16964525463474;;;
3;Lorentzian;635.9515412306662;16.90877520685428;88.68962993885579;;;
4;Lorentzian;947.7270252414775;43.252391830831684;26.40746189419537;;;
5;Lorentzian;538.8946485564433;63.53926900248619;27.66475199050933;;;
