label;model;x0;ampli;fwhm;fwhm_l;fwhm_r;alpha
1;Lorentzian;520.3060098584951;599.1690408761002;10.594998419131707;;;
2;Lorentzian;318.8793959535583;30.553595497070685;192.54694554366455;;;
3;Lorentzian;625.0640403402497;13.63298561902882;30.965591475098243;;;
4;Lorentzian;949.5681546528774;25.2522807440925;25.24936513545534;;;
5;Lorentzian;558.0784849660018;31.16780474148301;54.31356370877241;;;
