label;model;x0;ampli;fwhm;fwhm_l;fwhm_r;alpha
1;Lorentzian;520.2260377341883;685.640840913178;9.599693447314262;;;
2;Lorentzian;327.85880597142807;25.134389042129147;199.9154006212656;;;
3;Lorentzian;598.3760043074758;25.260032167212778;78.32570522546011;;;
4;Lorentzian;950.0878904881284;37.17281812095895;23.287503721330694;;;
5;Lorentzian;537.44540014172;70.36653694435024;21.152360633604218;;;
