label;model;x0;ampli;fwhm;fwhm_l;fwhm_r;alpha
1;Lorentzian;519.9480282723368;980.7722542756457;9.344554932194182;;;
2;Lorentzian;288.1213817523899;28.488758061273046;88.85470419548845;;;
3;Lorentzian;620.6465105088107;27.70290630926523;89.94248387234013;;;
4;Lorentzian;947.3820230457784;62.6445075151463;28.14346121799417;;;
5;Lorentzian;537.5860255266933;102.63040879916986;27.43532287057451;;;
