label;model;x0;ampli;fwhm;fwhm_l;fwhm_r;alpha
1;Lorentzian;520.4249742672768;590.096883072587;10.529446335663838;;;
2;Lorentzian;327.06642457998765;21.471781808216605;194.26324773904818;;;
3;Lorentzian;634.4855849145775;0.7036656424939949;0.03579407412208635;;;
4;Lorentzian;948.6681159914924;30.839425437402312;20.607117677556797;;;
5;Lorentzian;572.981436744814;28.551296213001166;75.91181694273807;;;
