label;model;x0;ampli;fwhm;fwhm_l;fwhm_r;alpha
1;Lorentzian;520.4558014298407;606.8995406026978;10.730714628832171;;;
2;Lorentzian;323.6184029578787;31.900876504685883;186.89224324773613;;;
3;Lorentzian;610.3939842514775;14.668770523963468;60.139957139087805;;;
4;Lorentzian;947.6143597691347;35.24945691037438;19.52705083519254;;;
5;Lorentzian;553.8164020289913;38.80033085792783;45.03626753565586;;;
