label;model;x0;ampli;fwhm;fwhm_l;fwhm_r;alpha
1;Lorentzian;519.9881058355243;689.598778201861;9.705516398763637;;;
2;Lorentzian;288.0784606804934;15.31284029219277;96.52295764340447;;;
3;Lorentzian;616.0823281935782;18.456835815931374;91.23452421627469;;;
4;Lorentzian;950.2318464064365;41.74264555396535;32.46440500895784;;;
5;Lorentzian;537.4650208077804;80.5624540470488;20.550112315582002;;;
