label;model;x0;ampli;fwhm;fwhm_l;fwhm_r;alpha
1;Lorentzian;520.1351359275714;934.8931473141189;9.810334562316536;;;
2;Lorentzian;325.0294690878409;46.37088300660267;199.97742932709687;;;
3;Lorentzian;609.0877258468673;31.66917079871547;71.30556862129093;;;
4;Lorentzian;946.0393573524843;58.70861452686796;19.960046378126073;;;
5;Lorentzian;542.5106472168093;69.55347985718818;42.044368705770744;;;
