label;model;x0;ampli;fwhm;fwhm_l;fwhm_r;alpha
1;Lorentzian;520.1515480405402;829.5208778678325;9.641997498777432;;;
2;Lorentzian;289.6741506654384;23.04634853172534;153.24805396125532;;;
3;Lorentzian;620.6229620267225;28.05964757627245;62.065957193267685;;;
4;Lorentzian;948.2223914209252;43.93087262909279;29.511741222065034;;;
5;Lorentzian;538.5624545354567;91.75051567928199;25.829277177798282;;;
