label;model;x0;ampli;fwhm;fwhm_l;fwhm_r;alpha
1;Lorentzian;520.0345749592625;601.9012126827866;9.698295271215462;;;
2;Lorentzian;288.07833250596656;16.87231594606172;76.87510223203279;;;
3;Lorentzian;628.7518664736199;14.33068895895;107.61198429652899;;;
4;Lorentzian;951.9862929163921;37.41025394667614;45.43241014307369;;;
5;Lorentzian;537.472080673067;68.4509070151213;26.66662279992684;;;
