label;model;x0;ampli;fwhm;fwhm_l;fwhm_r;alpha
1;Lorentzian;520.1787003876813;668.9517715897169;10.085214841560386;;;
2;Lorentzian;288.9226530453457;18.77485594639219;100.11286479577038;;;
3;Lorentzian;622.6111510700705;19.383033165355695;95.457960709997;;;
4;Lorentzian;949.2316592899691;40.51228979233323;28.588718185805618;;;
5;Lorentzian;537.4727809147049;70.27080199435845;23.325078385703012;;;
