label;model;x0;ampli;fwhm;fwhm_l;fwhm_r;alpha
1;Lorentzian;519.9776766305453;691.2499200880005;9.301454917633;;;
2;Lorentzian;290.17113230217427;18.902258729240494;62.840607719515674;;;
3;Lorentzian;628.7378005948398;11.951597540639547;102.46819225887236;;;
4;Lorentzian;946.9948363033762;39.93407928464569;27.863194769580357;;;
5;Lorentzian;537.4560306068331;82.07993547046588;22.21088553386197;;;
