label;model;x0;ampli;fwhm;fwhm_l;fwhm_r;alpha
1;Lorentzian;520.4088527178601;640.6838274306699;10.157408832030379;;;
2;Lorentzian;288.12445144412743;11.01794688755642;93.80012575318945;;;
3;Lorentzian;624.4609152882487;14.866593724860957;91.35919232580221;;;
4;Lorentzian;949.7451678149232;37.64398976512253;26.245360884412683;;;
5;Lorentzian;540.5461388688374;51.7613711569214;29.45652298850253;;;
