label;model;x0;ampli;fwhm;fwhm_l;fwhm_r;alpha
1;Lorentzian;520.132552460124;962.6404551973263;10.031434039676645;;;
2;Lorentzian;327.2462218296793;32.98569225859947;197.44046904333206;;;
3;Lorentzian;613.1413941364336;30.470819145314668;93.72618052522766;;;
4;Lorentzian;948.7106040659094;55.78916108558845;21.10592574716802;;;
5;Lorentzian;537.6717022631512;98.03087685683403;20.49744510174013;;;
