label;model;x0;ampli;fwhm;fwhm_l;fwhm_r;alpha
1;Lorentzian;520.1161409320584;649.6288289306073;10.015889348851948;;;
2;Lorentzian;292.24707394354687;16.702506839788562;80.4645224754119;;;
3;Lorentzian;616.3722606387122;17.512989690321387;87.03335195075013;;;
4;Lorentzian;946.6407828021448;40.39861863837919;31.339876476687312;;;
5;Lorentzian;537.4475583679767;80.50264510568617;20.394550253675636;;;
