label;model;x0;ampli;fwhm;fwhm_l;fwhm_r;alpha
1;Lorentzian;520.3716515314576;565.4341557172196;9.999529606156688;;;
2;Lorentzian;327.5830214611299;30.848613702724954;199.55700134125183;;;
3;Lorentzian;611.3011654964907;18.265205018089034;63.13734213889257;;;
4;Lorentzian;950.6864102751823;30.148725455123646;22.34960788191527;;;
5;Lorentzian;546.785143092447;46.24938673116804;31.635118753677403;;;
