label;model;x0;ampli;fwhm;fwhm_l;fwhm_r;alpha
1;Lorentzian;520.179539734991;674.8694622916337;9.600176232539548;;;
2;Lorentzian;288.4039953788523;16.74012608084128;91.79863213762277;;;
3;Lorentzian;622.3476811098926;18.256933228475127;82.79498290350797;;;
4;Lorentzian;945.714911470488;49.073310075051694;18.13947997150034;;;
5;Lorentzian;537.4453139128824;77.41960519334472;23.295755058055857;;;
