label;model;x0;ampli;fwhm;fwhm_l;fwhm_r;alpha
1;Lorentzian;520.5717442886942;552.914566630806;10.957540066482341;;;
2;Lorentzian;320.46366290428193;20.1900763375178;199.7676848315773;;;
3;Lorentzian;627.541586136236;14.557221318693752;50.59846554395746;;;
4;Lorentzian;945.5059788820107;27.830116296503203;19.358126912234574;;;
5;Lorentzian;561.6749741567224;29.47405262741008;50.135909012363136;;;
