label;model;x0;ampli;fwhm;fwhm_l;fwhm_r;alpha
1;Lorentzian;520.1868541091673;661.9388145028552;9.7705700328795;;;
2;Lorentzian;290.37023954584004;16.18808470760638;94.81339728127887;;;
3;Lorentzian;636.6253284603963;15.001293140894134;105.10074632946291;;;
4;Lorentzian;951.2275234904869;38.30354651709469;37.379959497253225;;;
5;Lorentzian;537.4590907278564;83.37099875610011;23.041205581146208;;;
