label;model;x0;ampli;fwhm;fwhm_l;fwhm_r;alpha
1;Lorentzian;520.3673033003724;619.5367374888108;10.729293859371914;;;
2;Lorentzian;326.3311456493557;31.205307086994686;183.75950578153933;;;
3;Lorentzian;608.9116267274369;20.745387113711125;70.1445993844558;;;
4;Lorentzian;949.6863092329353;36.42368299120963;23.008008534748146;;;
5;Lorentzian;557.4979518652601;38.70346942216835;36.82659148083881;;;
