label;model;x0;ampli;fwhm;fwhm_l;fwhm_r;alpha
1;Lorentzian;520.3070320731479;638.730692936108;10.152306156287816;;;
2;Lorentzian;297.59543460319276;21.876774262967007;71.3589830317179;;;
3;Lorentzian;634.338855038322;17.718762772860895;87.56851238607575;;;
4;Lorentzian;945.705062717172;42.0412871741035;24.93861913322131;;;
5;Lorentzian;537.4618766492405;81.2011753340329;28.76884066167593;;;
