label;model;x0;ampli;fwhm;fwhm_l;fwhm_r;alpha
1;Lorentzian;520.3729684118697;652.1583172518189;10.288816843060278;;;
2;Lorentzian;288.6772844632539;17.07534318578117;84.26848969284191;;;
3;Lorentzian;612.786505708123;17.04149653179815;129.31430497887936;;;
4;Lorentzian;949.3001048027083;41.4213149471679;31.279464596758377;;;
5;Lorentzian;537.4938867857379;45.69394654224045;27.43529984486579;;;
