label;model;x0;ampli;fwhm;fwhm_l;fwhm_r;alpha
1;Lorentzian;520.1730052672192;574.3300187931387;9.917166008634782;;;
2;Lorentzian;325.952050075898;22.75628708546118;199.35120337143107;;;
3;Lorentzian;605.2833399653027;23.711652788438993;78.89277379659954;;;
4;Lorentzian;947.2180472320554;32.99804996107412;25.947034460859875;;;
5;Lorentzian;537.7997445133319;66.87266265045635;22.66896060110436;;;
