label;model;x0;ampli;fwhm;fwhm_l;fwhm_r;alpha
1;Lorentzian;520.1818485973907;587.9001812974958;10.05995791237595;;;
2;Lorentzian;325.380968972179;30.625829580279042;188.26459703008345;;;
3;Lorentzian;610.6111697554755;15.04188251698434;57.190015681224814;;;
4;Lorentzian;948.540342768537;27.769669450026473;22.72385409076697;;;
5;Lorentzian;546.2911298402651;38.423193578324664;46.22483283388045;;;
