label;model;x0;ampli;fwhm;fwhm_l;fwhm_r;alpha
1;Lorentzian;520.4695975796556;676.4297790114731;9.97392721942527;;;
2;Lorentzian;322.8553388745959;27.52077576304736;198.39399110335467;;;
3;Lorentzian;623.7797137531503;16.332534996316365;28.73571069396037;;;
4;Lorentzian;947.8750104513604;32.65512845334507;20.211847351503355;;;
5;Lorentzian;554.2223390820138;42.90210630517027;57.317419373670496;;;
