label;model;x0;ampli;fwhm;fwhm_l;fwhm_r;alpha
1;Lorentzian;520.0867139979279;658.8138131423385;10.139694601097393;;;
2;Lorentzian;288.4443564892952;21.095367130619024;87.12345487687408;;;
3;Lorentzian;623.7670813458159;18.29852991964865;94.10845977593848;;;
4;Lorentzian;950.678782058708;40.29062054149091;39.36070762620665;;;
5;Lorentzian;538.8285904344735;63.5747633166352;26.331535631466686;;;
