label;model;x0;ampli;fwhm;fwhm_l;fwhm_r;alpha
1;Lorentzian;520.4215183148855;575.5463095416454;10.673811177319248;;;
2;Lorentzian;325.64480888710534;25.69996539737248;199.00301164204524;;;
3;Lorentzian;622.5961391350721;15.228992504372204;36.98452747785929;;;
4;Lorentzian;952.316097471478;30.958027197993868;25.61754204227693;;;
5;Lorentzian;555.3497495346178;35.50176147738119;49.72313211020809;;;
