label;model;x0;ampli;fwhm;fwhm_l;fwhm_r;alpha
1;Lorentzian;519.9657713948393;702.7881857699327;9.96030147587189;;;
2;Lorentzian;288.7860861758038;19.453087962284933;87.92180277190211;;;
3;Lorentzian;628.670296047254;16.611359868409203;87.31276384314359;;;
4;Lorentzian;949.8242174267515;41.444576896036814;34.486243638504355;;;
5;Lorentzian;537.5318726359451;75.65067737042654;26.40135119159286;;;
