label;model;x0;ampli;fwhm;fwhm_l;fwhm_r;alpha
1;Lorentzian;520.2642203341055;650.0163778108566;10.037772096277575;;;
2;Lorentzian;288.1703926934835;13.860290645719061;89.38773011999403;;;
3;Lorentzian;618.6429778363688;14.943733998848574;77.84569809783488;;;
4;Lorentzian;949.5817798630143;41.261869740950615;23.76466038412568;;;
5;Lorentzian;537.4580601590069;73.5076756025075;24.09498262680848;;;
