label;model;x0;ampli;fwhm;fwhm_l;fwhm_r;alpha
1;Lorentzian;520.0143366219464;980.0559358469453;9.3673069152437;;;
2;Lorentzian;288.14153655273356;23.68185372331977;130.27950566683634;;;
3;Lorentzian;621.9283239200175;28.47159800532071;85.61335322053691;;;
4;Lorentzian;951.0568411243702;57.73451761763627;43.673623582750324;;;
5;Lorentzian;537.5369246232735;117.63458055476134;24.487218997070425;;;
