label;model;x0;ampli;fwhm;fwhm_l;fwhm_r;alpha
1;Lorentzian;520.1374809415782;1005.589270551154;9.736192141745459;;;
2;Lorentzian;288.1047868943941;29.37547102233646;80.29759506207984;;;
3;Lorentzian;626.8841346570395;23.79413447735629;84.4551190003657;;;
4;Lorentzian;949.2127457148347;67.22660040520323;27.251629788266417;;;
5;Lorentzian;537.9589477056403;97.44996093987965;25.98693633186796;;;
