label;model;x0;ampli;fwhm;fwhm_l;fwhm_r;alpha
1;Lorentzian;520.0562258228591;670.1079754717715;9.314063464267264;;;
2;Lorentzian;288.105530255717;16.630301489131778;117.75355092981421;;;
3;Lorentzian;618.7302815741757;15.972415409390546;102.19126454587537;;;
4;Lorentzian;955.4354929651342;38.95248975075919;43.97368902330415;;;
5;Lorentzian;537.513741489805;76.47446451790438;24.501928491707393;;;
