label;model;x0;ampli;fwhm;fwhm_l;fwhm_r;alpha
1;Lorentzian;520.0997990220659;627.5045051265032;10.002685478834684;;;
2;Lorentzian;328.0135931580671;27.317761640418844;199.31873546218011;;;
3;Lorentzian;611.1573069995524;21.753297040516536;81.04083350476618;;;
4;Lorentzian;947.556723381162;36.42608432197964;22.861001899683497;;;
5;Lorentzian;537.4453366617645;67.58248536533944;22.561495341318714;;;
