label;model;x0;ampli;fwhm;fwhm_l;fwhm_r;alpha
1;Lorentzian;519.9211022285672;612.8808507580019;9.949070642876666;;;
2;Lorentzian;294.0628175555335;16.007238039341015;66.17982119986354;;;
3;Lorentzian;621.0180449293766;15.996215470887854;80.33703356290474;;;
4;Lorentzian;954.1431264263759;41.27835962231614;34.39814561888559;;;
5;Lorentzian;537.8489689407612;78.22871127818057;22.06352058309563;;;
