label;model;x0;ampli;fwhm;fwhm_l;fwhm_r;alpha
1;Lorentzian;520.0226275401648;940.2866540165572;9.487441978395095;;;
2;Lorentzian;289.9677936381136;25.319171239396308;96.91625760986862;;;
3;Lorentzian;628.6702442760977;28.107046881188097;84.97752893860948;;;
4;Lorentzian;950.4502900504618;60.79268850036954;40.29423414002493;;;
5;Lorentzian;537.6053355018843;113.41779505895931;25.117062525649125;;;
