label;model;x0;ampli;fwhm;fwhm_l;fwhm_r;alpha
1;Lorentzian;520.3180481355629;706.8528474560958;10.105130811393881;;;
2;Lorentzian;326.5730910800965;20.99858286945448;199.98950489083845;;;
3;Lorentzian;619.6022331016263;22.765491882499095;55.77377662772347;;;
4;Lorentzian;953.2968350157743;37.92102801598953;35.29897128608679;;;
5;Lorentzian;543.7196996351506;56.46170958988559;32.31620294937676;;;
