label;model;x0;ampli;fwhm;fwhm_l;fwhm_r;alpha
1;Lorentzian;519.987047364665;666.9869381871918;9.969231156345248;;;
2;Lorentzian;288.30452594079276;16.51206825245156;199.22060151726774;;;
3;Lorentzian;620.5591475931566;20.552688641937895;84.72415723297158;;;
4;Lorentzian;947.8763214763828;43.206387952727965;24.84815308321163;;;
5;Lorentzian;537.4482101470094;77.18718564394015;22.627601805640364;;;
