label;model;x0;ampli;fwhm;fwhm_l;fwhm_r;alpha
1;Lorentzian;520.252378691842;652.6510674146002;10.636890556935896;;;
2;Lorentzian;328.0197957942093;20.24948650193717;198.60117352956698;;;
3;Lorentzian;615.8571056280416;23.047426645753703;74.95219572552652;;;
4;Lorentzian;952.9094910009105;38.060877600982444;33.810026336785434;;;
5;Lorentzian;546.3825061280868;51.37516182750919;28.31094145007699;;;
