label;model;x0;ampli;fwhm;fwhm_l;fwhm_r;alpha
1;Lorentzian;520.1812080980765;899.4304467310455;9.535349436490925;;;
2;Lorentzian;292.4749276528516;27.69003305465797;72.38339344789429;;;
3;Lorentzian;625.6734481157496;27.133987158036895;73.73042041696631;;;
4;Lorentzian;948.3576005463648;52.247793997923665;27.58343829313591;;;
5;Lorentzian;537.5345966118144;97.41899510873614;23.01930874762087;;;
