label;model;x0;ampli;fwhm;fwhm_l;fwhm_r;alpha
1;Lorentzian;520.0365132870832;700.7034099699526;9.649841266530634;;;
2;Lorentzian;289.82769439622376;18.035461727026117;89.82468872201939;;;
3;Lorentzian;600.6594983099885;14.396030958536501;105.339976152687;;;
4;Lorentzian;946.2398644864409;41.01296795614621;23.85183668388493;;;
5;Lorentzian;537.7345602253469;81.9141007034073;23.438252751418464;;;
