label;model;x0;ampli;fwhm;fwhm_l;fwhm_r;alpha
1;Lorentzian;519.9309450023536;684.4091014150878;9.960900493528268;;;
2;Lorentzian;289.63622245735877;15.880514176201913;83.31057475164113;;;
3;Lorentzian;628.1007306938108;17.458737334761672;84.98876197256176;;;
4;Lorentzian;947.6685044445541;51.84003689946505;21.295540961238835;;;
5;Lorentzian;537.4476532415016;81.40822693193556;27.829363030560884;;;
