label;model;x0;ampli;fwhm;fwhm_l;fwhm_r;alpha
1;Lorentzian;520.1638251812697;674.208489024307;10.564699009570067;;;
2;Lorentzian;288.88313907794964;17.487693172092445;81.98200069194864;;;
3;Lorentzian;623.3971459770996;16.397432026715375;76.86860943223944;;;
4;Lorentzian;948.2188179982567;45.077923399717285;28.77270859252269;;;
5;Lorentzian;540.4034427507648;72.77768384527646;27.512223346150787;;;
