label;model;x0;ampli;fwhm;fwhm_l;fwhm_r;alpha
1;Lorentzian;520.0151532916285;623.9480359829645;9.713763709854728;;;
2;Lorentzian;291.5980594218404;14.590663544132829;87.47768887797253;;;
3;Lorentzian;626.0812096538538;16.485249904671115;118.41109251354874;;;
4;Lorentzian;956.8641739989305;46.872612461040276;48.98430171053244;;;
5;Lorentzian;537.4606793167493;78.39478833773654;24.97261904934087;;;
