label;model;x0;ampli;fwhm;fwhm_l;fwhm_r;alpha
1;Lorentzian;520.3631225181954;684.7040440648558;10.10735394631973;;;
2;Lorentzian;326.38224330502845;32.95272604347266;199.98106129616957;;;
3;Lorentzian;621.4524502647467;22.069398198904928;30.308715350124693;;;
4;Lorentzian;949.0447021952002;35.959861013293185;23.628527535887578;;;
5;Lorentzian;545.0307586704708;54.09370453316597;46.92753143188052;;;
