label;model;x0;ampli;fwhm;fwhm_l;fwhm_r;alpha
1;Lorentzian;520.1890534246368;667.0161005959568;10.834876822119643;;;
2;Lorentzian;288.92143428695215;18.855610963222176;69.74273715619954;;;
3;Lorentzian;634.0892044412896;18.366264587247592;112.6024427741421;;;
4;Lorentzian;957.2585990823862;37.332488969419344;52.45724209806539;;;
5;Lorentzian;537.4904907928995;59.14632854486976;26.490303679703675;;;
