label;model;x0;ampli;fwhm;fwhm_l;fwhm_r;alpha
1;Lorentzian;520.1278968050841;608.3203382659417;9.710016383781273;;;
2;Lorentzian;323.5931910573917;16.884807412178127;199.9707992638185;;;
3;Lorentzian;607.6038998800899;18.754890537019314;67.74168960035098;;;
4;Lorentzian;951.5402282903506;39.49189955661044;26.103328088855804;;;
5;Lorentzian;537.4717535093845;61.49552344042876;22.726570146876124;;;
