label;model;x0;ampli;fwhm;fwhm_l;fwhm_r;alpha
1;Lorentzian;520.2271087274274;618.3169674129355;9.904435582984384;;;
2;Lorentzian;299.5962158513238;12.843979179551672;199.990524576802;;;
3;Lorentzian;606.6544665276879;18.865387997472723;88.69240416781751;;;
4;Lorentzian;950.056770433421;37.374546371106554;30.682240121121428;;;
5;Lorentzian;537.6138223157236;68.33510100302024;23.08096676359722;;;
