label;model;x0;ampli;fwhm;fwhm_l;fwhm_r;alpha
1;Lorentzian;520.3547060961906;686.1816303650684;10.241543436610579;;;
2;Lorentzian;288.13573547868805;17.795500120389878;79.76562716451856;;;
3;Lorentzian;627.6667017464783;17.200358203998025;91.39686209259999;;;
4;Lorentzian;952.2594097391149;32.89320680962478;40.904775171401674;;;
5;Lorentzian;537.5018438883859;66.4414250738112;22.474550764373348;;;
