label;model;x0;ampli;fwhm;fwhm_l;fwhm_r;alpha
1;Lorentzian;520.2742015641278;721.9622834129699;9.776292096427508;;;
2;Lorentzian;288.56045080065707;17.744471866554456;83.7491672389586;;;
3;Lorentzian;615.5266562795542;16.343120778820953;85.67787606148836;;;
4;Lorentzian;950.277471079208;48.23920552032279;30.33870957013892;;;
5;Lorentzian;537.8579077076428;78.3423805004043;22.42286084009453;;;
