label;model;x0;ampli;fwhm;fwhm_l;fwhm_r;alpha
1;Lorentzian;520.0761862775431;657.1572713763436;9.658713602891078;;;
2;Lorentzian;291.005178110431;16.286819386878648;119.48882119588072;;;
3;Lorentzian;619.7800895778288;20.329350029760235;51.68301817745018;;;
4;Lorentzian;948.2071658145358;36.244140951526006;33.0302983112986;;;
5;Lorentzian;537.4514278017589;73.48915864738933;25.476311835340148;;;
