label;model;x0;ampli;fwhm;fwhm_l;fwhm_r;alpha
1;Lorentzian;520.1265353214972;634.8220291370675;9.639604773405374;;;
2;Lorentzian;296.08326811090217;15.785484847184307;178.94731204994906;;;
3;Lorentzian;608.0439060739458;20.974085277237585;80.02330621166121;;;
4;Lorentzian;948.5697005583073;37.65016425490163;28.36038545534285;;;
5;Lorentzian;537.4780597117164;71.67624983067331;19.352775574204006;;;
