label;model;x0;ampli;fwhm;fwhm_l;fwhm_r;alpha
1;Lorentzian;520.1946271082378;669.1860040429061;10.264610082987168;;;
2;Lorentzian;291.4556099703542;13.568838121991988;83.58576296449588;;;
3;Lorentzian;616.9064057755807;15.978937632881383;88.55612244538457;;;
4;Lorentzian;947.1809583468192;33.334116809554736;27.91766236696318;;;
5;Lorentzian;537.4455590129128;65.90258256339284;24.890706967066055;;;
