label;model;x0;ampli;fwhm;fwhm_l;fwhm_r;alpha
1;Lorentzian;520.309635913884;622.8692054939991;10.162448313976281;;;
2;Lorentzian;328.0032649184592;33.802080026492895;199.9799290435314;;;
3;Lorentzian;612.178161301631;22.880257070020203;68.72103896002537;;;
4;Lorentzian;949.3471618051663;41.3030985476058;18.72087869562432;;;
5;Lorentzian;542.3525579896913;48.94625923511328;35.46184847357083;;;
