label;model;x0;ampli;fwhm;fwhm_l;fwhm_r;alpha
1;Lorentzian;520.2574296495882;652.7083954207369;9.523827597616851;;;
2;Lorentzian;325.83433968280025;17.288411386342364;199.8810798917736;;;
3;Lorentzian;607.8148963296326;20.40325610166866;75.76796952467284;;;
4;Lorentzian;948.0155182865168;32.799126027282696;20.27187598825756;;;
5;Lorentzian;537.5322709054309;69.88210487727822;22.12290065365613;;;
