label;model;x0;ampli;fwhm;fwhm_l;fwhm_r;alpha
1;Lorentzian;520.1709519043187;871.3583329140431;9.975043322596333;;;
2;Lorentzian;289.6340538256935;26.963738862621668;94.63765852193264;;;
3;Lorentzian;625.6645142386903;26.179764308908993;92.27856303460116;;;
4;Lorentzian;950.9769223851724;58.090379087038954;36.74491051845249;;;
5;Lorentzian;537.5331487650276;101.9633309093963;23.320424233045557;;;
