label;model;x0;ampli;fwhm;fwhm_l;fwhm_r;alpha
1;Lorentzian;520.2049250816626;644.56160781101;10.063434134863513;;;
2;Lorentzian;288.1338722885909;16.60756799046828;92.83483045401114;;;
3;Lorentzian;623.5942260932055;18.300078752730492;86.94773932757872;;;
4;Lorentzian;949.5737167548142;37.577372402506036;26.815326644547966;;;
5;Lorentzian;537.4656841285645;71.14156631927209;24.435355206907516;;;
