label;model;x0;ampli;fwhm;fwhm_l;fwhm_r;alpha
1;Lorentzian;520.3244665271408;966.5034655409459;10.24387848649042;;;
2;Lorentzian;288.45176198396507;26.505106859206787;93.56112995163063;;;
3;Lorentzian;636.1100605216814;28.487951347956415;91.93691204252589;;;
4;Lorentzian;954.1804803663857;61.19772584564498;45.85815607005909;;;
5;Lorentzian;540.931748102659;78.43786354251428;28.144258234830954;;;
