label;model;x0;ampli;fwhm;fwhm_l;fwhm_r;alpha
1;Lorentzian;520.2103999258235;620.2091295048829;9.944214804841046;;;
2;Lorentzian;323.3632261315012;27.860723105122375;199.29158840823916;;;
3;Lorentzian;606.4182913820559;19.331667848887882;59.29733458141268;;;
4;Lorentzian;949.9547855322055;35.44287348616073;21.331100180831776;;;
5;Lorentzian;542.7058995335557;47.21347709724246;38.22989631227994;;;
