label;model;x0;ampli;fwhm;fwhm_l;fwhm_r;alpha
1;Lorentzian;520.2201024466507;675.5868356027206;9.704161446910453;;;
2;Lorentzian;293.58215619223665;17.450895806571513;96.98333729875075;;;
3;Lorentzian;624.9995658555812;21.72334894765443;93.33613920583555;;;
4;Lorentzian;948.1783231346549;36.608775845039396;33.83376563975212;;;
5;Lorentzian;537.453725038592;81.3673457157403;23.11580243127476;;;
