label;model;x0;ampli;fwhm;fwhm_l;fwhm_r;alpha
1;Lorentzian;520.0994379592441;635.8619843877037;9.891930558028017;;;
2;Lorentzian;288.0926862789034;14.906948440406698;58.02079510666056;;;
3;Lorentzian;620.0160254834605;17.87391117181285;69.23855379650026;;;
4;Lorentzian;951.4244537050157;38.42870094209257;29.26952951064298;;;
5;Lorentzian;537.6575996984612;69.40756583274883;22.32062962712835;;;
