label;model;x0;ampli;fwhm;fwhm_l;fwhm_r;alpha
1;Lorentzian;520.0508775622757;675.4273281626984;9.414470725759305;;;
2;Lorentzian;300.34702940560254;19.63873763835652;30.390553706852042;;;
3;Lorentzian;627.0117845110791;18.19775363493165;79.10350857246368;;;
4;Lorentzian;949.6005824114119;41.75910714502858;35.090533425080494;;;
5;Lorentzian;537.4627295275001;87.81997344576551;23.263360694940438;;;
