label;model;x0;ampli;fwhm;fwhm_l;fwhm_r;alpha
1;Lorentzian;520.364102761246;693.2615817219589;10.183031771232177;;;
2;Lorentzian;326.6396421924908;29.099301453280695;199.9247228310223;;;
3;Lorentzian;618.26773541259;13.260112586778215;29.430144088423805;;;
4;Lorentzian;948.363615811141;36.51233996754698;21.551381359353062;;;
5;Lorentzian;549.3687950906299;50.092405707767306;48.774487492382576;;;
