label;model;x0;ampli;fwhm;fwhm_l;fwhm_r;alpha
1;Lorentzian;520.1147349079872;668.4050217192197;10.26928693221093;;;
2;Lorentzian;288.1793887650735;21.989081556298462;83.38995396602901;;;
3;Lorentzian;624.7123897487223;17.354938241387075;114.80313486516907;;;
4;Lorentzian;951.8189939185677;39.47553043058214;32.01396629342616;;;
5;Lorentzian;537.6359240620116;72.50026937395965;26.782700852981954;;;
