label;model;x0;ampli;fwhm;fwhm_l;fwhm_r;alpha
1;Lorentzian;520.043128014195;668.8567116401586;9.583179496274097;;;
2;Lorentzian;288.0825221344231;12.619537404105245;94.729140367019;;;
3;Lorentzian;619.4485199105198;13.59201863929582;47.01049311678813;;;
4;Lorentzian;950.4406552103334;42.62945289122623;23.534100400451052;;;
5;Lorentzian;537.5067817046069;80.78964285950032;29.053668728851434;;;
