label;model;x0;ampli;fwhm;fwhm_l;fwhm_r;alpha
1;Lorentzian;520.0728895815854;660.3185536822372;10.147180675236012;;;
2;Lorentzian;327.86837910795;33.162573574972825;199.99853486472114;;;
3;Lorentzian;601.6715847200539;25.008959936093984;64.13341422942946;;;
4;Lorentzian;947.7241212123915;46.458248642404946;17.892142923160105;;;
5;Lorentzian;540.9057421377427;57.764445875312205;33.14905731571574;;;
