label;model;x0;ampli;fwhm;fwhm_l;fwhm_r;alpha
1;Lorentzian;520.0899872027045;615.9701660856981;10.272684273204058;;;
2;Lorentzian;324.45680955800634;27.755043532088514;192.74214393798047;;;
3;Lorentzian;623.444540110656;20.70606930572573;22.34118785499569;;;
4;Lorentzian;946.9944365878497;40.458217212475745;20.68682358565459;;;
5;Lorentzian;549.17626395587;43.38788674722319;50.568144890207265;;;
