label;model;x0;ampli;fwhm;fwhm_l;fwhm_r;alpha
1;Lorentzian;520.0836527177642;644.1161311750338;10.267400435008467;;;
2;Lorentzian;288.6160019606554;18.920814774366058;99.62210449650676;;;
3;Lorentzian;624.3295965332934;19.170396081506517;72.96758589859895;;;
4;Lorentzian;949.7295021348723;43.26641718537271;25.950668377271803;;;
5;Lorentzian;537.4953739394023;67.46581283893397;28.066436396205663;;;
