label;model;x0;ampli;fwhm;fwhm_l;fwhm_r;alpha
1;Lorentzian;520.2460018862463;594.1109028180597;9.478237670075195;;;
2;Lorentzian;327.9582198466608;18.525729978717155;196.85230056851418;;;
3;Lorentzian;602.259930133124;17.650426100028398;79.87619491402958;;;
4;Lorentzian;950.0446618453082;32.57089856833942;20.7045129462468;;;
5;Lorentzian;539.4064954920575;57.53658438446422;29.496005595691834;;;
