label;model;x0;ampli;fwhm;fwhm_l;fwhm_r;alpha
1;Lorentzian;520.2778560053127;667.5418710487867;10.77779945767372;;;
2;Lorentzian;290.8427978716697;15.027529497551718;82.09092467776895;;;
3;Lorentzian;621.1345303231662;0.032406586835188156;176.0384276594645;;;
4;Lorentzian;950.15468407613;40.704760810599765;25.161525331047375;;;
5;Lorentzian;571.4985812976668;27.091178499301087;81.08937702083988;;;
