label;model;x0;ampli;fwhm;fwhm_l;fwhm_r;alpha
1;Lorentzian;520.3189693784744;573.0575782938253;10.577081731993133;;;
2;Lorentzian;327.9109613830152;28.33307498589141;197.19767365672638;;;
3;Lorentzian;604.6001388840492;25.42074824080227;87.16456005939673;;;
4;Lorentzian;950.104427983153;38.88060675437269;23.6639748337659;;;
5;Lorentzian;541.3782508098711;46.99287074174044;19.40431827033112;;;
