label;model;x0;ampli;fwhm;fwhm_l;fwhm_r;alpha
1;Lorentzian;520.05480059267;586.006330726041;10.162560470640813;;;
2;Lorentzian;326.32494623616714;26.493573002935044;199.86098414010692;;;
3;Lorentzian;608.6617504898974;15.605063018952162;57.58885983626389;;;
4;Lorentzian;951.4477861012103;30.684038216295615;21.55804235833736;;;
5;Lorentzian;544.0701280923919;50.35638314797011;41.42351109203748;;;
