label;model;x0;ampli;fwhm;fwhm_l;fwhm_r;alpha
1;Lorentzian;520.1139411582844;705.5353819196981;9.87489092018924;;;
2;Lorentzian;288.75361420352004;16.092479499268713;134.72907147911462;;;
3;Lorentzian;632.7689466899035;18.624502553078404;107.92163128014711;;;
4;Lorentzian;947.1293167165319;46.134561715604676;26.55457212580572;;;
5;Lorentzian;537.5161499734187;71.24991545516119;26.207863893006788;;;
