label;model;x0;ampli;fwhm;fwhm_l;fwhm_r;alpha
1;Lorentzian;520.1201278059358;665.8397130460036;9.59513495276475;;;
2;Lorentzian;292.1903161092844;12.914444120645099;99.0598927116836;;;
3;Lorentzian;631.4962485266448;15.682729051466595;80.6985485181243;;;
4;Lorentzian;947.8622353551382;37.37048157742091;27.833948711570322;;;
5;Lorentzian;537.6374784907141;70.95261234348726;24.156909085893652;;;
