label;model;x0;ampli;fwhm;fwhm_l;fwhm_r;alpha
1;Lorentzian;520.097551233183;835.2643258016924;10.103198876047548;;;
2;Lorentzian;290.94217977505775;22.865495232864266;195.40352345408246;;;
3;Lorentzian;624.6181472162966;26.45160883546767;95.22471946291857;;;
4;Lorentzian;946.5997304708014;51.34693363674698;26.90537524829105;;;
5;Lorentzian;537.5819648973821;90.35231621723639;22.947519925097794;;;
