label;model;x0;ampli;fwhm;fwhm_l;fwhm_r;alpha
1;Lorentzian;519.9565171242749;692.9734369143986;10.007351324019586;;;
2;Lorentzian;288.4280313390884;18.78181229464221;106.72765403920965;;;
3;Lorentzian;623.0954896427293;18.114391103305056;80.80893265587599;;;
4;Lorentzian;951.070669286125;41.115027637385225;37.07726299184082;;;
5;Lorentzian;537.4458516981977;71.60275651221129;28.201509530066915;;;
