label;model;x0;ampli;fwhm;fwhm_l;fwhm_r;alpha
1;Lorentzian;520.5826205888493;572.4844160876286;10.902018808837399;;;
2;Lorentzian;327.8789213684612;29.4060632330837;199.20179557136106;;;
3;Lorentzian;624.7657362787195;15.28983543475869;39.3531537841827;;;
4;Lorentzian;949.3751145029515;34.698676104405656;24.050477349785957;;;
5;Lorentzian;547.8059387499633;39.71367798943303;47.76778575190108;;;
