label;model;x0;ampli;fwhm;fwhm_l;fwhm_r;alpha
1;Lorentzian;520.2429206032992;616.5605528511115;10.068084269192534;;;
2;Lorentzian;320.6862073134521;23.991445791331547;199.9806864476159;;;
3;Lorentzian;615.5066943890881;14.508009340655812;73.6471793439311;;;
4;Lorentzian;950.9963583486962;43.166819528329746;19.15192796088564;;;
5;Lorentzian;553.1807633988997;43.43690988937788;36.42388253978073;;;
