label;model;x0;ampli;fwhm;fwhm_l;fwhm_r;alpha
1;Lorentzian;520.06677192476;966.2236519513293;9.593986259625131;;;
2;Lorentzian;288.5745332711586;23.47534943318113;101.45509442834934;;;
3;Lorentzian;625.8649229212637;25.9413338736115;101.51979093118312;;;
4;Lorentzian;946.9095298948059;63.95722938610707;27.33794998441543;;;
5;Lorentzian;537.4556624508529;98.14527777219723;25.218233770270782;;;
