label;model;x0;ampli;fwhm;fwhm_l;fwhm_r;alpha
1;Lorentzian;519.9782590912936;685.2732013580863;10.028921038915772;;;
2;Lorentzian;288.7541170181543;13.174976588613132;86.26504528286489;;;
3;Lorentzian;630.0987197792826;16.837328093446054;88.26291027332731;;;
4;Lorentzian;947.9925729485849;47.82999186536726;26.27554589748039;;;
5;Lorentzian;537.5346344677189;73.15929676236802;26.192187963239;;;
