label;model;x0;ampli;fwhm;fwhm_l;fwhm_r;alpha
1;Lorentzian;520.1841896559475;935.6719309089235;9.706410860000958;;;
2;Lorentzian;327.7297123616928;29.459881239129736;198.500666743275;;;
3;Lorentzian;613.9450110521773;31.89819086236549;64.44478585118655;;;
4;Lorentzian;948.3195052662422;56.67410471299646;22.617781946300763;;;
5;Lorentzian;538.6912598722593;96.79613638662322;26.99246136457877;;;
