label;model;x0;ampli;fwhm;fwhm_l;fwhm_r;alpha
1;Lorentzian;520.1267920268724;827.0828908709375;9.955753260958977;;;
2;Lorentzian;298.99502482296606;25.178082557783995;199.76886673954834;;;
3;Lorentzian;619.3158354300972;22.830064052508234;110.65889610527859;;;
4;Lorentzian;949.0305986603845;53.33923875802565;25.81187043780777;;;
5;Lorentzian;537.4616243087627;91.14365624223186;24.60052568296832;;;
