label;model;x0;ampli;fwhm;fwhm_l;fwhm_r;alpha
1;Lorentzian;519.939678079557;951.3251163233571;9.643508434654768;;;
2;Lorentzian;288.12292197587084;26.11762955001068;86.69574995627491;;;
3;Lorentzian;626.658853202413;24.80220552361526;94.23367346112138;;;
4;Lorentzian;948.063429363625;63.88611376138657;28.307266362041638;;;
5;Lorentzian;537.4461438062971;115.7639184149527;23.109793389752298;;;
