label;model;x0;ampli;fwhm;fwhm_l;fwhm_r;alpha
1;Lorentzian;520.1228124113426;703.5620592066382;9.951039849503228;;;
2;Lorentzian;289.27679051631156;19.760101848063332;114.09204717277291;;;
3;Lorentzian;630.1797625988914;19.30429840097019;105.4094081389381;;;
4;Lorentzian;961.1344452843125;49.742461071007945;48.53714535828656;;;
5;Lorentzian;537.5353422040525;71.26123253527876;22.58896335325401;;;
