label;model;x0;ampli;fwhm;fwhm_l;fwhm_r;alpha
1;Lorentzian;520.0621964720605;627.1417875720366;9.938107951160246;;;
2;Lorentzian;297.2284251712892;15.030039592387212;199.61496510128316;;;
3;Lorentzian;607.1492291530944;17.026994848127394;100.7723416832313;;;
4;Lorentzian;948.0817937066649;32.871263282608;29.438331853770595;;;
5;Lorentzian;537.5736674757413;75.24880175054666;22.222840015281808;;;
