label;model;x0;ampli;fwhm;fwhm_l;fwhm_r;alpha
1;Lorentzian;520.3001580259647;801.2193368553296;10.828700707753946;;;
2;Lorentzian;327.55316022378213;39.46078031554661;199.81617991585225;;;
3;Lorentzian;629.2445522060694;20.591355085426798;34.65683811314341;;;
4;Lorentzian;947.858468745489;43.46011074344525;21.275474872012566;;;
5;Lorentzian;559.7147467920994;43.26686653853161;50.5005937573316;;;
