label;model;x0;ampli;fwhm;fwhm_l;fwhm_r;alpha
1;Lorentzian;520.0312069551494;662.8145756099431;9.96038422670178;;;
2;Lorentzian;291.7392322477843;22.676566158066596;75.81985390644677;;;
3;Lorentzian;630.9727657850749;20.168473537077112;123.70225963560273;;;
4;Lorentzian;975.4337232451638;56.945648610890096;90.34334094725094;;;
5;Lorentzian;537.5867557433417;72.37915628648389;26.540605587658217;;;
