label;model;x0;ampli;fwhm;fwhm_l;fwhm_r;alpha
1;Lorentzian;520.4393546800853;649.6495111190256;10.449536458059471;;;
2;Lorentzian;325.04889665882644;29.52534350128789;191.90463338689167;;;
3;Lorentzian;616.0261726606244;21.192830104201295;76.11927915096052;;;
4;Lorentzian;948.3121660604538;39.25100993944241;21.661084910468574;;;
5;Lorentzian;544.6372769860253;49.710523592531175;25.699285881124844;;;
