label;model;x0;ampli;fwhm;fwhm_l;fwhm_r;alpha
1;Lorentzian;520.2264853168865;601.4524090572471;10.185624075098708;;;
2;Lorentzian;328.00652741729164;26.560133911443593;199.93895030747558;;;
3;Lorentzian;606.204800287121;21.705752787367846;80.35283954731702;;;
4;Lorentzian;950.8645189912836;34.92880337411555;26.581738666009436;;;
5;Lorentzian;539.6825988036851;63.916023174106996;22.244786048016195;;;
