label;model;x0;ampli;fwhm;fwhm_l;fwhm_r;alpha
1;Lorentzian;520.137052353041;671.0929262118972;9.61733921249751;;;
2;Lorentzian;296.5230681280117;16.47656865894017;63.47828664560522;;;
3;Lorentzian;615.0994991649388;20.004844560274258;61.53609793020849;;;
4;Lorentzian;950.5403503286949;40.774958988656365;30.755552822025656;;;
5;Lorentzian;537.4507961062295;83.2160049105474;21.782979726773178;;;
