label;model;x0;ampli;fwhm;fwhm_l;fwhm_r;alpha
1;Lorentzian;520.0098635351808;854.3273973711501;9.35492846966185;;;
2;Lorentzian;289.09648422748904;21.252019093079305;156.0889207295345;;;
3;Lorentzian;625.7605120874357;23.58805868856038;94.89704473720396;;;
4;Lorentzian;948.834781594846;56.55373158375967;25.4692239686247;;;
5;Lorentzian;537.9061544015667;104.05208403365883;24.966119516577812;;;
