label;model;x0;ampli;fwhm;fwhm_l;fwhm_r;alpha
1;Lorentzian;520.189067397449;621.5689437914526;9.932186427357193;;;
2;Lorentzian;327.71553191618364;21.465690154265538;197.74274279748715;;;
3;Lorentzian;606.3610916071136;21.003352641429448;66.44872338694456;;;
4;Lorentzian;950.2437911887994;31.38072960383979;25.039387423948867;;;
5;Lorentzian;539.8603546943509;59.077767150535976;27.71019454757392;;;
