label;model;x0;ampli;fwhm;fwhm_l;fwhm_r;alpha
1;Lorentzian;520.1976752422535;639.2231026613167;10.041451861516858;;;
2;Lorentzian;288.17281880976014;12.824318473549612;92.10678144951827;;;
3;Lorentzian;622.8156275494974;20.56862110372762;21.55405606141818;;;
4;Lorentzian;948.0718354662462;35.549795225997116;27.470032501799235;;;
5;Lorentzian;537.5260307742441;68.17998157506518;29.943197152626876;;;
