label;model;x0;ampli;fwhm;fwhm_l;fwhm_r;alpha
1;Lorentzian;520.0170492557421;949.2220733594028;9.627334087126826;;;
2;Lorentzian;288.23600231622225;24.203775755882976;107.6327492560538;;;
3;Lorentzian;632.9862213076435;25.55790400497723;94.14537002201749;;;
4;Lorentzian;949.7680074258095;57.8104993822465;34.239137369217055;;;
5;Lorentzian;537.8345735111566;93.91218711935714;25.963039978002012;;;
