label;model;x0;ampli;fwhm;fwhm_l;fwhm_r;alpha
1;Lorentzian;520.0455574709005;915.9628590780341;9.71877207833015;;;
2;Lorentzian;298.24735509943923;26.64638330836039;95.4979693983361;;;
3;Lorentzian;619.3670441186836;24.982939601937026;106.33258493251671;;;
4;Lorentzian;953.0904693958278;58.24582970488114;37.935057792846095;;;
5;Lorentzian;537.6709911932129;92.34604338432462;20.073124191562442;;;
