label;model;x0;ampli;fwhm;fwhm_l;fwhm_r;alpha
1;Lorentzian;520.1399571785034;910.0923414706764;9.669548608251155;;;
2;Lorentzian;288.9023045236169;23.355027392906226;84.04073349750793;;;
3;Lorentzian;620.3733714736111;25.826289235685763;71.37945555360537;;;
4;Lorentzian;950.9169370182613;55.87746663521536;37.767760001988414;;;
5;Lorentzian;537.4846252525612;110.63786310142387;20.45008337974632;;;
