label;model;x0;ampli;fwhm;fwhm_l;fwhm_r;alpha
1;Lorentzian;519.9916629242201;675.4689934853587;9.904852604428472;;;
2;Lorentzian;289.62075052610254;16.238336660001043;71.93728024053497;;;
3;Lorentzian;625.349788420876;18.818039151574585;80.96369172597939;;;
4;Lorentzian;945.8102601390482;36.667545838347635;34.328722466458714;;;
5;Lorentzian;537.6393623612266;74.85263543444718;22.77921604458214;;;
