label;model;x0;ampli;fwhm;fwhm_l;fwhm_r;alpha
1;Lorentzian;520.0591238840129;683.4545621677769;9.802270844119597;;;
2;Lorentzian;288.23346576352344;17.282022115314476;79.4793099950412;;;
3;Lorentzian;632.833879756799;17.23091686642117;96.30399391797752;;;
4;Lorentzian;947.199226011962;47.28865185360214;24.547254771585834;;;
5;Lorentzian;537.4557460231761;85.36797997014818;22.76397407609856;;;
