label;model;x0;ampli;fwhm;fwhm_l;fwhm_r;alpha
1;Lorentzian;520.0450481382406;715.0376736997193;9.58000917293419;;;
2;Lorentzian;288.8576070829519;18.45772475767005;84.32121789736556;;;
3;Lorentzian;620.4668302994071;14.555261693997403;80.1993564111552;;;
4;Lorentzian;952.1613331859193;36.92414075732969;42.71970389147099;;;
5;Lorentzian;537.5483913926108;76.41200184726608;27.812244524136588;;;
