label;model;x0;ampli;fwhm;fwhm_l;fwhm_r;alpha
1;Lorentzian;520.1754935815461;692.0028769433422;9.898776550286515;;;
2;Lorentzian;288.38089295221954;19.64557971210214;83.7501189351457;;;
3;Lorentzian;625.7538412946503;15.474459582134035;101.34159131056467;;;
4;Lorentzian;956.0614351339709;43.957877173740286;37.11812269230571;;;
5;Lorentzian;537.8322042389581;74.43407587484316;27.415404542314292;;;
