label;model;x0;ampli;fwhm;fwhm_l;fwhm_r;alpha
1;Lorentzian;520.18161198175;849.1721680679908;9.364690475759819;;;
2;Lorentzian;326.9016108627083;37.85957717210168;199.94974837127816;;;
3;Lorentzian;605.8530931959549;29.850744099312163;73.75842324287183;;;
4;Lorentzian;949.1883173488378;44.03680385545325;26.26571335806802;;;
5;Lorentzian;538.4624810300782;89.60020858378651;25.666328500062363;;;
