label;model;x0;ampli;fwhm;fwhm_l;fwhm_r;alpha
1;Lorentzian;520.1471596009649;629.4243312270729;9.734694679515165;;;
2;Lorentzian;297.8733354111642;16.611973565236237;46.95291462753231;;;
3;Lorentzian;623.1882479602955;11.449471772999159;69.68986928149874;;;
4;Lorentzian;948.8461223242225;34.843217141231214;29.60815652132499;;;
5;Lorentzian;537.4607962217723;66.29990003314457;27.45189090623149;;;
