label;model;x0;ampli;fwhm;fwhm_l;fwhm_r;alpha
1;Lorentzian;520.0511307828338;654.3974752974173;10.470352689060846;;;
2;Lorentzian;288.5765670644155;14.989936825824781;82.05156020080796;;;
3;Lorentzian;625.206746541132;13.599988864204722;86.74938864037965;;;
4;Lorentzian;948.3058846835165;34.197942020488775;32.226406296012144;;;
5;Lorentzian;537.5662300483308;65.18589514258358;25.105103107237014;;;
