label;model;x0;ampli;fwhm;fwhm_l;fwhm_r;alpha
1;Lorentzian;520.1001270333846;769.9126846259478;10.025906849026722;;;
2;Lorentzian;327.9825189352785;22.64083114562009;199.99693432119903;;;
3;Lorentzian;619.2578840120339;22.82555014971559;79.14571489431384;;;
4;Lorentzian;947.0526858991901;50.70830654832936;24.373844658936626;;;
5;Lorentzian;537.5651293116255;86.53238343311112;20.925937134666196;;;
