label;model;x0;ampli;fwhm;fwhm_l;fwhm_r;alpha
1;Lorentzian;519.9903547797375;648.7179026974369;9.643936374732753;;;
2;Lorentzian;288.1169565148302;12.212417897251372;81.200274816678;;;
3;Lorentzian;620.3456668048699;16.71073025898153;88.46560162003016;;;
4;Lorentzian;948.4556906172722;41.608370826389155;34.64896246356929;;;
5;Lorentzian;537.6405421273669;77.05418960864013;24.92277107689036;;;
