label;model;x0;ampli;fwhm;fwhm_l;fwhm_r;alpha
1;Lorentzian;520.0870382100567;819.3535056402769;9.807887927924552;;;
2;Lorentzian;288.95888097651425;22.326463879335453;195.24861686150734;;;
3;Lorentzian;628.0662476687738;29.704166624708332;45.48862736249988;;;
4;Lorentzian;947.8881993418906;47.16501868302652;22.92090515985362;;;
5;Lorentzian;537.4497559623076;90.98396331803536;26.998875693150957;;;
