label;model;x0;ampli;fwhm;fwhm_l;fwhm_r;alpha
1;Lorentzian;520.027027026052;932.8866912354766;9.565131282488492;;;
2;Lorentzian;288.08577426485857;27.386338382177623;79.98090293399402;;;
3;Lorentzian;634.1281992888714;27.086001280949795;108.81451811548118;;;
4;Lorentzian;949.0111960950418;66.82139978402049;33.28053962503559;;;
5;Lorentzian;537.5946818433217;98.07810642142925;21.482610208008946;;;
