label;model;x0;ampli;fwhm;fwhm_l;fwhm_r;alpha
1;Lorentzian;520.2821019327992;655.4626704100488;10.288484795279818;;;
2;Lorentzian;288.94759076696175;16.66161843400616;81.86772567187852;;;
3;Lorentzian;628.9323392246283;17.036536881332022;103.66771869533258;;;
4;Lorentzian;950.9903127294197;39.33179568019345;35.88126205531116;;;
5;Lorentzian;537.4533800449138;67.8168029924647;24.0602860349016;;;
