label;model;x0;ampli;fwhm;fwhm_l;fwhm_r;alpha
1;Lorentzian;520.1939244831693;917.6603443009881;9.927668098504338;;;
2;Lorentzian;288.3939256503066;25.554799698185327;81.36688822797599;;;
3;Lorentzian;615.9361181751449;24.16144700589486;89.94682530956828;;;
4;Lorentzian;951.4403510521562;60.37679631640551;34.40760815252764;;;
5;Lorentzian;537.7722411596993;85.43841653336902;22.508763826973365;;;
