label;model;x0;ampli;fwhm;fwhm_l;fwhm_r;alpha
1;Lorentzian;520.0518967977464;620.7163626500266;10.222300003791085;;;
2;Lorentzian;327.73167293868977;34.26904912019366;187.30208078985035;;;
3;Lorentzian;614.1209826045655;12.155412535239616;72.6553075318781;;;
4;Lorentzian;947.2333493510395;35.201233767337484;17.664646814500685;;;
5;Lorentzian;559.0202181963576;37.88430069395203;37.80548689412262;;;
