label;model;x0;ampli;fwhm;fwhm_l;fwhm_r;alpha
1;Lorentzian;520.2377272341724;933.4885905610237;10.449666978889049;;;
2;Lorentzian;288.63691395595805;28.61881986218911;86.46960763849216;;;
3;Lorentzian;628.6969717420334;28.925995228705027;86.72969185490359;;;
4;Lorentzian;951.9723846156658;61.77834189880964;39.66120028462131;;;
5;Lorentzian;538.8243697502767;89.85349667461954;27.190974714880646;;;
