label;model;x0;ampli;fwhm;fwhm_l;fwhm_r;alpha
1;Lorentzian;520.1685292634418;635.3771519936969;10.028995816484198;;;
2;Lorentzian;291.570604531632;15.95128354035523;81.28815747266673;;;
3;Lorentzian;596.646782990307;11.329142080500175;100.00849340423986;;;
4;Lorentzian;951.814067616395;34.28877778647244;37.541391948219335;;;
5;Lorentzian;537.7756204284694;62.44065097634709;26.778075716224425;;;
