label;model;x0;ampli;fwhm;fwhm_l;fwhm_r;alpha
1;Lorentzian;520.4038630703346;609.0510176495186;10.414096463737266;;;
2;Lorentzian;326.61313834424175;25.533095583265496;199.984430460368;;;
3;Lorentzian;605.2427991458247;19.945864996108945;58.235999271131476;;;
4;Lorentzian;947.2180135914393;38.89360612570154;17.784752928314585;;;
5;Lorentzian;547.4076228948029;39.5439296907676;33.66765922935978;;;
