label;model;x0;ampli;fwhm;fwhm_l;fwhm_r;alpha
1;Lorentzian;520.0093066264892;629.6085224396016;10.499484060227593;;;
2;Lorentzian;323.76607082936795;31.120312678949034;183.76448715823366;;;
3;Lorentzian;614.2871653414654;15.272150244063706;79.7105494967325;;;
4;Lorentzian;946.9083029696505;35.1435193136113;16.940329078549276;;;
5;Lorentzian;563.7259349044693;30.39674157538802;39.24208974583191;;;
