label;model;x0;ampli;fwhm;fwhm_l;fwhm_r;alpha
1;Lorentzian;520.1240481824619;915.5333343159153;9.54832807762821;;;
2;Lorentzian;291.8356351314424;24.490146375181514;111.33097710483153;;;
3;Lorentzian;636.4619151653682;28.987687142017535;114.84823492375247;;;
4;Lorentzian;954.5042964229092;61.70662482676977;48.97201216521927;;;
5;Lorentzian;537.4685827324147;110.76868105695463;22.859724827983673;;;
