label;model;x0;ampli;fwhm;fwhm_l;fwhm_r;alpha
1;Lorentzian;520.0114099694486;945.292104916423;9.196535608111688;;;
2;Lorentzian;290.04993067155624;30.215944108934522;199.99999755776852;;;
3;Lorentzian;619.6481500952525;24.542189507320064;84.07447697620287;;;
4;Lorentzian;950.2782331091772;47.98031901676499;32.985670230976474;;;
5;Lorentzian;537.7092032667518;107.19846588343793;29.242415231357022;;;
