label;model;x0;ampli;fwhm;fwhm_l;fwhm_r;alpha
1;Lorentzian;520.1565847039996;648.1665557580783;10.02836991284779;;;
2;Lorentzian;291.5869105491988;16.91993234384992;62.24329427281581;;;
3;Lorentzian;621.6769418371929;13.051678358502137;102.04287218067631;;;
4;Lorentzian;949.3924122300909;37.186530388344764;28.007194694053016;;;
5;Lorentzian;537.4924727301083;67.25348524576822;25.6301080415679;;;
