label;model;x0;ampli;fwhm;fwhm_l;fwhm_r;alpha
1;Lorentzian;520.1242781935637;969.0609799363383;9.812857810947516;;;
2;Lorentzian;288.6942320329611;27.532318147951525;84.06292696896207;;;
3;Lorentzian;623.9954510433435;27.545668465845555;95.83057333438873;;;
4;Lorentzian;947.5666958154189;54.739729369562454;30.772352078432508;;;
5;Lorentzian;537.4666566610825;103.33114426270824;22.56427244126902;;;
