label;model;x0;ampli;fwhm;fwhm_l;fwhm_r;alpha
1;Lorentzian;520.398826641005;637.6343443450288;10.424614150063293;;;
2;Lorentzian;327.64567887146006;24.511621944479167;196.82264792535983;;;
3;Lorentzian;622.8501259600365;16.644499521793584;56.668370358041855;;;
4;Lorentzian;945.6116153129535;44.02990587637689;17.316817214924107;;;
5;Lorentzian;557.1301746473786;37.80286752645012;50.104044555204965;;;
