label;model;x0;ampli;fwhm;fwhm_l;fwhm_r;alpha
1;Lorentzian;520.231269956654;736.2811805209118;9.945637172503618;;;
2;Lorentzian;295.2239849911002;15.23760655388558;66.79735474323067;;;
3;Lorentzian;626.3509667241154;16.403410909090887;94.79860344433327;;;
4;Lorentzian;947.8266388629985;46.8593271418676;25.803904853948723;;;
5;Lorentzian;537.6535777815038;76.26050153592115;22.697437867871717;;;
