label;model;x0;ampli;fwhm;fwhm_l;fwhm_r;alpha
1;Lorentzian;520.016904504939;646.8962981384668;10.372093198229592;;;
2;Lorentzian;289.53315228248704;14.518147708168971;88.61569860609369;;;
3;Lorentzian;630.675065466268;17.324667212590175;89.52295665413428;;;
4;Lorentzian;950.515793769593;34.64912503496667;39.387303344413304;;;
5;Lorentzian;537.8296408006357;73.77837646876557;24.37405881708039;;;
