label;model;x0;ampli;fwhm;fwhm_l;fwhm_r;alpha
1;Lorentzian;520.3751123410798;587.6042346915415;10.29407862526972;;;
2;Lorentzian;323.70847628023677;24.837123730331395;199.94187206638748;;;
3;Lorentzian;617.8982470055181;19.112508700843648;53.34253937717901;;;
4;Lorentzian;946.0865341221665;42.69599281519139;16.646774553374087;;;
5;Lorentzian;546.7820636220882;43.04133046716819;35.21387658797619;;;
