label;model;x0;ampli;fwhm;fwhm_l;fwhm_r;alpha
1;Lorentzian;519.9866776205414;885.66321943769;9.707212537881095;;;
2;Lorentzian;288.55779286875764;22.348389197063995;108.17282185766337;;;
3;Lorentzian;621.0432284286252;26.42840998679673;81.38799725016793;;;
4;Lorentzian;949.8809144788628;56.09417468236565;36.36696471268878;;;
5;Lorentzian;537.5326004573794;99.73599662171516;23.74475023439323;;;
