label;model;x0;ampli;fwhm;fwhm_l;fwhm_r;alpha
1;Lorentzian;520.1036036763411;858.9455528388891;9.932404091277803;;;
2;Lorentzian;288.36521638705847;23.41057483901844;88.77622302175587;;;
3;Lorentzian;624.8314840875141;24.569480573662176;78.86323587233053;;;
4;Lorentzian;952.1710913396485;53.34749855113591;34.56596514444258;;;
5;Lorentzian;537.7641489910704;94.57329875014862;24.880018222675847;;;
