label;model;x0;ampli;fwhm;fwhm_l;fwhm_r;alpha
1;Lorentzian;520.1803244230645;615.9460481927362;10.272623879599896;;;
2;Lorentzian;288.16127221774536;14.376822631052045;103.83184790346307;;;
3;Lorentzian;623.2782016729682;17.989717759498767;94.26336627045006;;;
4;Lorentzian;949.7574366940668;32.02446673845002;40.45998170609438;;;
5;Lorentzian;537.8491526061165;67.65055480464832;25.569266565072756;;;
