label;model;x0;ampli;fwhm;fwhm_l;fwhm_r;alpha
1;Lorentzian;520.2019796885198;942.1679686580086;9.93051692514413;;;
2;Lorentzian;292.2526041189338;28.734022007870774;93.38578426901857;;;
3;Lorentzian;620.0349841793663;25.18099356760459;93.27519056664482;;;
4;Lorentzian;948.6356286868487;63.59576262033579;30.82536320631063;;;
5;Lorentzian;537.5665173088106;98.28754728703542;21.505274645964533;;;
