label;model;x0;ampli;fwhm;fwhm_l;fwhm_r;alpha
1;Lorentzian;520.0343827874408;962.1986025359073;9.936378485620633;;;
2;Lorentzian;290.4871854757717;24.080798744047318;121.3917981177265;;;
3;Lorentzian;619.7868245595589;29.721791692165418;103.23753726099605;;;
4;Lorentzian;947.45938146844;58.762031425868855;30.3376425852373;;;
5;Lorentzian;537.4453295994384;110.21551747009535;17.708311540917265;;;
