label;model;x0;ampli;fwhm;fwhm_l;fwhm_r;alpha
1;Lorentzian;520.1404277055835;924.7055574109595;9.524288845092975;;;
2;Lorentzian;288.6007700113435;22.88899515638158;95.36228701704749;;;
3;Lorentzian;620.3860014680856;28.708619205550285;74.96406071850092;;;
4;Lorentzian;948.5182663230933;57.440140556547824;31.769628296386475;;;
5;Lorentzian;538.1887186110639;95.65226480918203;24.006334656840522;;;
