label;model;x0;ampli;fwhm;fwhm_l;fwhm_r;alpha
1;Lorentzian;520.0865846951925;689.7491172289416;10.131113482632637;;;
2;Lorentzian;292.38930642416125;15.72202008959917;137.8299970999033;;;
3;Lorentzian;620.9713526657094;19.672650304127345;84.06850266832049;;;
4;Lorentzian;948.2165888864001;38.7521925564851;34.88619458973458;;;
5;Lorentzian;537.4506930315449;72.76134718374067;23.309542614390832;;;
