label;model;x0;ampli;fwhm;fwhm_l;fwhm_r;alpha
1;Lorentzian;520.2740967467291;843.7620822106832;9.806690108459238;;;
2;Lorentzian;288.08195516047294;21.22665747064463;134.53614785126592;;;
3;Lorentzian;623.8287332521502;21.998730290531075;107.27683346032538;;;
4;Lorentzian;948.2763391232407;52.36236229280603;28.692247274829196;;;
5;Lorentzian;537.6468836881908;91.65223697863235;20.517339134557776;;;
