label;model;x0;ampli;fwhm;fwhm_l;fwhm_r;alpha
1;Lorentzian;520.0048279176397;911.5399312282127;9.481219884278635;;;
2;Lorentzian;288.32538735801523;23.968571936272564;98.35607425697461;;;
3;Lorentzian;629.4942372167476;23.226543741284896;122.35534002858807;;;
4;Lorentzian;949.683895743134;52.03771583660323;36.58596611707583;;;
5;Lorentzian;537.4708933280358;102.6636800817073;23.354043478000253;;;
