label;model;x0;ampli;fwhm;fwhm_l;fwhm_r;alpha
1;Lorentzian;520.0605231542525;971.6816013376132;9.213748747197458;;;
2;Lorentzian;288.16214957609156;25.591301505775622;84.35275776036686;;;
3;Lorentzian;624.4297406666637;26.696255895320117;87.70855366277313;;;
4;Lorentzian;948.2066429348889;68.20352493147948;25.34456787228061;;;
5;Lorentzian;537.4468373030762;109.82373446354546;21.85866050793228;;;
