label;model;x0;ampli;fwhm;fwhm_l;fwhm_r;alpha
1;Lorentzian;520.0981615300688;704.2738715554281;10.058780858234384;;;
2;Lorentzian;293.57925192354116;23.688489460482163;55.3417900457843;;;
3;Lorentzian;628.9567580898033;16.659967621684647;83.96395509538465;;;
4;Lorentzian;947.4057183811392;42.110497447024244;26.955920757054642;;;
5;Lorentzian;537.5098903518245;84.6526665162876;26.272462287855326;;;
