label;model;x0;ampli;fwhm;fwhm_l;fwhm_r;alpha
1;Lorentzian;520.2337636799523;575.6536514170114;10.396669928144487;;;
2;Lorentzian;327.9247061990193;23.88467565385542;199.86934256677853;;;
3;Lorentzian;623.0988292990044;16.072956436668786;52.08865501622133;;;
4;Lorentzian;947.1022231669848;28.275264485034104;23.5827209814669;;;
5;Lorentzian;554.0881761542016;35.75247060829448;51.70106150463051;;;
