label;model;x0;ampli;fwhm;fwhm_l;fwhm_r;alpha
1;Lorentzian;520.0165897497931;581.7421802774676;10.397760498435494;;;
2;Lorentzian;326.72952195451654;29.686749536471808;196.50729959035192;;;
3;Lorentzian;618.0098811579235;19.972235521528418;63.43072401339456;;;
4;Lorentzian;948.8926893723343;29.19071151648525;20.073915473392212;;;
5;Lorentzian;541.7515116434369;56.144495916249895;35.28679606503222;;;
