label;model;x0;ampli;fwhm;fwhm_l;fwhm_r;alpha
1;Lorentzian;519.998288350986;919.0234746957636;9.50032817610137;;;
2;Lorentzian;288.74392728674303;25.758953064653305;86.38947677280686;;;
3;Lorentzian;625.1445144592566;27.332172259676984;97.62999357441312;;;
4;Lorentzian;954.4943859397696;61.17893801477909;46.046121296259834;;;
5;Lorentzian;537.4566548043592;97.47486929787787;25.276379202932063;;;
