label;model;x0;ampli;fwhm;fwhm_l;fwhm_r;alpha
1;Lorentzian;520.1507236498743;651.5013520453929;10.068896207816536;;;
2;Lorentzian;293.1229741784384;15.109075518027495;48.72358158528169;;;
3;Lorentzian;610.000829220741;14.178334704462046;83.617220577413;;;
4;Lorentzian;948.5654163085975;41.91539413889841;28.823496713656304;;;
5;Lorentzian;537.5159728858639;74.65505591326;20.686096408914167;;;
