label;model;x0;ampli;fwhm;fwhm_l;fwhm_r;alpha
1;Lorentzian;520.1505773092349;650.55843362193;9.86796640900347;;;
2;Lorentzian;289.43566456158226;16.22858753570611;179.05173336576576;;;
3;Lorentzian;620.85096629244;18.593486810573697;79.72833117008977;;;
4;Lorentzian;950.0951325684633;34.618586292353704;25.604861669610422;;;
5;Lorentzian;539.515881345285;67.04489441485684;26.551881228070684;;;
