label;model;x0;ampli;fwhm;fwhm_l;fwhm_r;alpha
1;Lorentzian;520.1615236606676;638.1552817536982;10.095924915874399;;;
2;Lorentzian;326.86614139532594;30.698234415355113;199.99260738155095;;;
3;Lorentzian;612.2118187595516;20.895514507330176;54.43834825904401;;;
4;Lorentzian;950.202640226111;40.02882522841112;22.14750450079016;;;
5;Lorentzian;545.547895184427;48.79220972518895;43.083695706718515;;;
