label;model;x0;ampli;fwhm;fwhm_l;fwhm_r;alpha
1;Lorentzian;520.1179622215687;690.1883711332306;10.0156200591065;;;
2;Lorentzian;288.41696496349533;21.6603595704688;97.43297432662197;;;
3;Lorentzian;636.6326942528277;16.606437058770613;128.30897225205;;;
4;Lorentzian;948.7149843763341;40.29513944097337;32.72759254576587;;;
5;Lorentzian;537.4453224932417;64.65292285737357;27.230536856560793;;;
