label;model;x0;ampli;fwhm;fwhm_l;fwhm_r;alpha
1;Lorentzian;520.0250840335316;675.3074020231286;10.163715232876347;;;
2;Lorentzian;288.1001738872986;17.892211408983872;86.36387213479662;;;
3;Lorentzian;627.9981249175858;19.73697081688899;93.57738551796461;;;
4;Lorentzian;947.9976078421917;42.562175292374725;27.28888368469642;;;
5;Lorentzian;537.4678005160714;78.28367128335225;18.881024987247763;;;
