label;model;x0;ampli;fwhm;fwhm_l;fwhm_r;alpha
1;Lorentzian;520.4973616608172;690.9081333463528;10.457626320617553;;;
2;Lorentzian;326.28663115992936;30.512314138991325;198.8621627345579;;;
3;Lorentzian;614.0017831197802;15.683420973913002;76.9873054150188;;;
4;Lorentzian;947.6466629894804;31.461755438281855;21.912687963337085;;;
5;Lorentzian;557.087420225933;36.78456544232881;38.095645828502256;;;
