label;model;x0;ampli;fwhm;fwhm_l;fwhm_r;alpha
1;Lorentzian;520.4985822726;556.4563153768323;11.177338735744547;;;
2;Lorentzian;326.99712559950416;26.007790992295018;198.67092579531288;;;
3;Lorentzian;629.796133143818;17.304441244455187;7.702399940943372;;;
4;Lorentzian;948.4990496103057;31.903761701040807;21.011692403176564;;;
5;Lorentzian;566.344303024971;34.192285908079896;84.06598603989289;;;
