label;model;x0;ampli;fwhm;fwhm_l;fwhm_r;alpha
1;Lorentzian;520.1906614023154;816.5378962080082;10.237689742501821;;;
2;Lorentzian;288.5680333439334;26.53041005443332;184.30329555454693;;;
3;Lorentzian;621.9959081704097;28.368220009204766;74.30969837603297;;;
4;Lorentzian;956.009320276256;53.51458172635117;39.93373362499935;;;
5;Lorentzian;537.64114725927;94.25454939863589;23.000171859079586;;;
