label;model;x0;ampli;fwhm;fwhm_l;fwhm_r;alpha
1;Lorentzian;520.069346323816;671.6127962213395;10.040521518140356;;;
2;Lorentzian;288.17774366171983;18.573169337311526;76.87747527155796;;;
3;Lorentzian;634.4191996097294;19.52755610754032;86.34266155887585;;;
4;Lorentzian;948.034049677533;40.79567393474452;33.342812257731836;;;
5;Lorentzian;537.4555204961321;78.76193312936269;29.837030508903773;;;
