label;model;x0;ampli;fwhm;fwhm_l;fwhm_r;alpha
1;Lorentzian;520.3435580753862;582.8293719947611;10.3074947774193;;;
2;Lorentzian;316.9580889781523;24.318268795122144;198.08590320563485;;;
3;Lorentzian;623.1046009683514;16.624732184979365;33.96890436524607;;;
4;Lorentzian;949.3038953776904;38.35277781971109;23.47780973128346;;;
5;Lorentzian;554.9531326738928;37.124772412705035;48.080737324637866;;;
