label;model;x0;ampli;fwhm;fwhm_l;fwhm_r;alpha
1;Lorentzian;520.4443894397186;600.3777652981532;10.503370170838288;;;
2;Lorentzian;322.13619851076623;21.818537862543305;198.63456131234926;;;
3;Lorentzian;625.4973257557374;16.219962507778543;60.9408988362262;;;
4;Lorentzian;949.7731408745533;35.57433672821445;25.097722588996728;;;
5;Lorentzian;552.3236138416256;39.47207098413907;39.49088301745213;;;
