label;model;x0;ampli;fwhm;fwhm_l;fwhm_r;alpha
1;Lorentzian;520.3170982930708;691.0784346814005;10.338727296815298;;;
2;Lorentzian;324.7713138635927;31.001221633277005;183.86876096963545;;;
3;Lorentzian;613.420794053314;14.907398837953183;71.07771153326385;;;
4;Lorentzian;947.9469496103844;38.669656020884574;14.891083752356915;;;
5;Lorentzian;562.9283797592396;32.57463657380508;39.59967481605664;;;
