label;model;x0;ampli;fwhm;fwhm_l;fwhm_r;alpha
1;Lorentzian;520.2455666473032;593.9781626922631;10.166734497357021;;;
2;Lorentzian;321.377880880641;23.9952109653375;198.48531248999475;;;
3;Lorentzian;630.7929883427075;7.727370236453552;100.27180451627132;;;
4;Lorentzian;947.0516774628868;35.71792871730162;19.675071431128266;;;
5;Lorentzian;555.8300024710728;37.59961136033009;56.62594195363268;;;
