label;model;x0;ampli;fwhm;fwhm_l;fwhm_r;alpha
1;Lorentzian;520.2708073439744;649.438985759385;10.648580364417871;;;
2;Lorentzian;289.9169862887725;18.214521946659886;65.30261479836167;;;
3;Lorentzian;633.5549301466182;13.225517540168749;105.39952259368255;;;
4;Lorentzian;956.8056453655888;42.12660448365269;38.34688342774839;;;
5;Lorentzian;537.4605132316914;61.106707639494864;24.697258371902;;;
