label;model;x0;ampli;fwhm;fwhm_l;fwhm_r;alpha
1;Lorentzian;519.9540225976934;676.9885607301497;9.580848123827234;;;
2;Lorentzian;288.3574625226768;17.72755626717684;71.33250777119852;;;
3;Lorentzian;624.1736598138414;16.106795889598217;87.89590506309102;;;
4;Lorentzian;951.5796489301182;38.27002837199502;28.345611092044564;;;
5;Lorentzian;537.4575904163273;68.72730247602978;25.264569923222012;;;
