label;model;x0;ampli;fwhm;fwhm_l;fwhm_r;alpha
1;Lorentzian;520.1459504534263;663.2651196234488;10.269605677507098;;;
2;Lorentzian;289.5714229482994;19.78675442648905;103.83903401704144;;;
3;Lorentzian;624.8813953600007;18.89457394648568;81.96349836197227;;;
4;Lorentzian;954.2152072700757;38.248832873907546;45.32212152026898;;;
5;Lorentzian;537.4456163687208;69.81800220634702;24.62801822644668;;;
