label;model;x0;ampli;fwhm;fwhm_l;fwhm_r;alpha
1;Lorentzian;519.9532344893373;695.1832493505806;9.834599416327272;;;
2;Lorentzian;289.3088880965414;19.504833833428695;89.04158769663856;;;
3;Lorentzian;624.1263488693978;18.48716751100752;68.66189616444046;;;
4;Lorentzian;950.2619184482585;34.96769295915017;39.343482588529056;;;
5;Lorentzian;537.5076881929083;83.17998995564302;22.010537314768552;;;
