label;model;x0;ampli;fwhm;fwhm_l;fwhm_r;alpha
1;Lorentzian;520.2081809930653;820.9025272016008;9.844476352734278;;;
2;Lorentzian;294.2281717408493;27.644951494930506;198.95171114791603;;;
3;Lorentzian;624.7673259122429;26.286432814205583;86.66800150810673;;;
4;Lorentzian;954.6725442391155;40.87409678592464;35.63191012032711;;;
5;Lorentzian;537.4899826675111;84.90403291708354;23.144656006368503;;;
