label;model;x0;ampli;fwhm;fwhm_l;fwhm_r;alpha
1;Lorentzian;519.9530484219001;712.083113922786;9.696079271750468;;;
2;Lorentzian;290.60013592198993;18.68101404541405;83.17047585802295;;;
3;Lorentzian;617.998172176053;17.38827355830816;116.80351493711004;;;
4;Lorentzian;948.5524877421625;44.671487528071275;29.9711690961714;;;
5;Lorentzian;537.4476550463361;82.82824032534087;20.621800516467793;;;
