label;model;x0;ampli;fwhm;fwhm_l;fwhm_r;alpha
1;Lorentzian;519.9994298518142;669.316601355425;9.92415677463725;;;
2;Lorentzian;288.3778328351545;17.63164748638829;88.60216287786511;;;
3;Lorentzian;624.6767380090914;17.63945559442835;91.33454896068088;;;
4;Lorentzian;952.9383993250686;37.626272330992364;44.970958305372314;;;
5;Lorentzian;537.4492717500916;77.74000280220181;22.036869470560237;;;
