label;model;x0;ampli;fwhm;fwhm_l;fwhm_r;alpha
1;Lorentzian;520.1725960582245;736.6180140332987;10.065436299581876;;;
2;Lorentzian;288.27129509201905;18.39587728535028;98.53109846988436;;;
3;Lorentzian;624.5162912489839;20.016854121342053;76.13036426054441;;;
4;Lorentzian;958.2764598920354;45.43808735523448;61.24358775882006;;;
5;Lorentzian;539.3044683737173;77.37286687397379;24.51651629032202;;;
