label;model;x0;ampli;fwhm;fwhm_l;fwhm_r;alpha
1;Lorentzian;520.0460423126672;895.6053984636752;9.604471066389609;;;
2;Lorentzian;288.11221883601604;25.822510004602336;82.89424145714078;;;
3;Lorentzian;631.7805774766822;24.890125422264184;109.47583792202774;;;
4;Lorentzian;950.4542559337438;60.24036156803814;31.40632368369075;;;
5;Lorentzian;537.490005426379;95.4408573095622;24.86395613583915;;;
