label;model;x0;ampli;fwhm;fwhm_l;fwhm_r;alpha
1;Lorentzian;520.1236208879264;707.9195587117463;10.030324265589607;;;
2;Lorentzian;288.1003559192162;17.817389632296972;104.8251041570001;;;
3;Lorentzian;626.1678672278782;21.400941419550104;87.29936411034171;;;
4;Lorentzian;952.4231328913734;45.14959992564358;36.69544219012349;;;
5;Lorentzian;537.6515276338794;78.67718210626715;24.444580681962236;;;
