label;model;x0;ampli;fwhm;fwhm_l;fwhm_r;alpha
1;Lorentzian;520.0656581140379;679.8143327132292;10.124830396121876;;;
2;Lorentzian;288.08016188667546;13.663493361961862;78.6236913789232;;;
3;Lorentzian;627.7541182210315;14.839483561170692;79.24167261704217;;;
4;Lorentzian;946.6473529933445;43.444052846507255;22.621921629183095;;;
5;Lorentzian;537.6126737141939;75.06809827188437;23.40476280407038;;;
