label;model;x0;ampli;fwhm;fwhm_l;fwhm_r;alpha
1;Lorentzian;520.0067260038002;654.3225949655034;9.76860415469858;;;
2;Lorentzian;290.71498162560914;12.88609273803439;75.63021422092366;;;
3;Lorentzian;613.108009668868;13.12746624432573;87.74609250779302;;;
4;Lorentzian;947.507210737641;39.917249199287355;20.964778143510433;;;
5;Lorentzian;537.4690183739808;76.99218181225557;17.2855022375205;;;
