label;model;x0;ampli;fwhm;fwhm_l;fwhm_r;alpha
1;Lorentzian;519.9525562587428;697.453931245804;9.379375416496572;;;
2;Lorentzian;288.81953829431745;12.634672617927391;93.64980926639488;;;
3;Lorentzian;621.9892869310452;17.15480127636074;91.09812391236618;;;
4;Lorentzian;949.3255418724661;35.926713443476665;35.994642481436614;;;
5;Lorentzian;537.4712185012866;77.95645288386349;25.73705552708652;;;
