label;model;x0;ampli;fwhm;fwhm_l;fwhm_r;alpha
1;Lorentzian;520.2371490567459;674.6965193052221;10.048568696490545;;;
2;Lorentzian;288.42624070044747;18.483902488744597;100.49862111251579;;;
3;Lorentzian;627.4451973696654;17.939225979599822;111.19655042262013;;;
4;Lorentzian;975.5015160263458;42.90019947642768;91.17182387770865;;;
5;Lorentzian;537.4849872977763;61.017395217481436;28.677602480289377;;;
