label;model;x0;ampli;fwhm;fwhm_l;fwhm_r;alpha
1;Lorentzian;520.0275689756409;693.0339322315809;9.833364367114438;;;
2;Lorentzian;288.45012119731786;17.696785942900835;91.65741621034994;;;
3;Lorentzian;629.4996453062183;18.884123977431504;105.5457924847803;;;
4;Lorentzian;969.1613841425254;55.301985050235466;63.00024560983755;;;
5;Lorentzian;537.4688156301132;71.81873784756705;26.19117528201469;;;
