label;model;x0;ampli;fwhm;fwhm_l;fwhm_r;alpha
1;Lorentzian;520.0291208326222;967.6350362661739;9.790432163338192;;;
2;Lorentzian;289.1887083158666;27.38370230311173;103.52545931744457;;;
3;Lorentzian;630.8258633036717;27.86067870010863;109.86101883356596;;;
4;Lorentzian;949.7063318024946;55.815865721204155;35.619315912865765;;;
5;Lorentzian;538.7907182685896;101.51306220758865;26.85604110726808;;;
