label;model;x0;ampli;fwhm;fwhm_l;fwhm_r;alpha
1;Lorentzian;520.3832125730713;811.959589484887;10.394941559756244;;;
2;Lorentzian;326.9864841546597;27.487984069724455;199.26090631064898;;;
3;Lorentzian;623.9938613507427;28.208253463185212;78.34158395102581;;;
4;Lorentzian;947.9074750646217;52.49254745579757;24.926984409072627;;;
5;Lorentzian;542.6941260739432;66.56325210953966;30.36011226550449;;;
