label;model;x0;ampli;fwhm;fwhm_l;fwhm_r;alpha
1;Lorentzian;520.0784597199475;719.7321064989378;9.827688522695377;;;
2;Lorentzian;288.0954001100492;21.078220227021916;83.98207104627909;;;
3;Lorentzian;627.0353900699919;15.449814230286137;88.00874490727327;;;
4;Lorentzian;947.210313431749;47.075248405338144;24.514628374065552;;;
5;Lorentzian;540.5863829814504;61.3828105135369;32.45507707383687;;;
