label;model;x0;ampli;fwhm;fwhm_l;fwhm_r;alpha
1;Lorentzian;520.1289875805896;698.1099246253136;9.762755893598584;;;
2;Lorentzian;288.29080534522245;17.692756121188516;99.45691055175763;;;
3;Lorentzian;613.6551068562283;16.29757310505961;95.11071240880757;;;
4;Lorentzian;953.428261048319;41.91468405451891;35.10358853577979;;;
5;Lorentzian;537.455022998166;80.6922239081887;22.8365269948262;;;
