label;model;x0;ampli;fwhm;fwhm_l;fwhm_r;alpha
1;Lorentzian;520.3644906860494;563.6743065265041;10.873015966552602;;;
2;Lorentzian;327.45014351934907;29.390993959610956;197.48445498348914;;;
3;Lorentzian;610.9243550836906;15.53618246154802;74.722530530273;;;
4;Lorentzian;950.1851600683133;34.31917240479977;24.369305955236907;;;
5;Lorentzian;554.4631404808183;34.12865087699845;35.318539077567465;;;
