label;model;x0;ampli;fwhm;fwhm_l;fwhm_r;alpha
1;Lorentzian;520.1055773983102;683.8826445605193;9.917587055960919;;;
2;Lorentzian;288.21907411805716;19.516080628370883;98.31252469843105;;;
3;Lorentzian;626.6334375501564;18.723437152229035;91.17689360959325;;;
4;Lorentzian;947.4513005297852;41.877176010650174;24.871689130766462;;;
5;Lorentzian;537.4817625556094;76.29106481329615;24.893982919908318;;;
