label;model;x0;ampli;fwhm;fwhm_l;fwhm_r;alpha
1;Lorentzian;520.2561280109613;595.5883626487084;9.880767025501925;;;
2;Lorentzian;327.0820385489446;24.141129337591426;199.99313642893313;;;
3;Lorentzian;610.2789640007004;20.80994276389795;76.39225017809439;;;
4;Lorentzian;946.1787253206569;34.763736002120865;20.360060217139164;;;
5;Lorentzian;538.359987106551;64.64925958596635;24.602378347974664;;;
