label;model;x0;ampli;fwhm;fwhm_l;fwhm_r;alpha
1;Lorentzian;520.2035399107652;609.1182463931226;10.321881022640289;;;
2;Lorentzian;298.45290078610543;17.113162235647145;28.616082499059548;;;
3;Lorentzian;630.7216988046275;17.318944457102457;2.072789135117359;;;
4;Lorentzian;951.2599158278276;31.450442795131657;28.41556664966378;;;
5;Lorentzian;538.0466626097566;63.53964866513347;27.829842267105263;;;
