label;model;x0;ampli;fwhm;fwhm_l;fwhm_r;alpha
1;Lorentzian;520.2240547751837;694.1238530559333;10.41322981227555;;;
2;Lorentzian;326.0269066248137;34.53256857267072;185.2588460343164;;;
3;Lorentzian;610.9846685070952;13.013786091060037;71.27440929815592;;;
4;Lorentzian;949.2765028254311;35.62595692369271;15.555874492102495;;;
5;Lorentzian;571.0465831128417;34.672465622327195;30.580885329169305;;;
