label;model;x0;ampli;fwhm;fwhm_l;fwhm_r;alpha
1;Lorentzian;520.2101445189483;668.3793888501049;10.055816631803616;;;
2;Lorentzian;292.81826331439703;18.950985286525338;60.12819803109834;;;
3;Lorentzian;624.4380129044466;14.174458422469094;63.104081431099004;;;
4;Lorentzian;954.4092045333803;32.30732467062904;36.445440980625946;;;
5;Lorentzian;537.5017869295908;78.68480891897426;21.01486552819819;;;
