label;model;x0;ampli;fwhm;fwhm_l;fwhm_r;alpha
1;Lorentzian;520.1744688770048;637.2378648607735;9.576953359019601;;;
2;Lorentzian;288.2466422139562;17.82857941036558;199.99782228769294;;;
3;Lorentzian;600.0029570598018;17.355277359581464;79.23226756120039;;;
4;Lorentzian;947.1347569811318;36.81008892824251;22.806747960899663;;;
5;Lorentzian;537.6506824850345;74.22711393809176;22.85345355991366;;;
