label;model;x0;ampli;fwhm;fwhm_l;fwhm_r;alpha
1;Lorentzian;520.2063456332764;652.2331304116674;9.993830407915393;;;
2;Lorentzian;325.6980243076651;23.059871026799282;199.97367673640244;;;
3;Lorentzian;619.2646462051856;19.19966297631484;58.01015531938878;;;
4;Lorentzian;951.8411325793127;38.47856302514555;22.769850630779064;;;
5;Lorentzian;542.2495691870095;52.16246459722118;36.84187468623017;;;
