label;model;x0;ampli;fwhm;fwhm_l;fwhm_r;alpha
1;Lorentzian;520.0813991524187;671.7436109267779;10.376695296588423;;;
2;Lorentzian;288.0819274417339;20.485080500644493;76.86909030655431;;;
3;Lorentzian;630.3635702483651;19.018272569229385;91.49124434529212;;;
4;Lorentzian;962.6915709317464;51.35023335236458;56.07855996651847;;;
5;Lorentzian;538.8000147489118;67.7191373490016;25.116807010234808;;;
