label;model;x0;ampli;fwhm;fwhm_l;fwhm_r;alpha
1;Lorentzian;520.12971959877;920.3141073853957;9.55093447653821;;;
2;Lorentzian;290.8868200338322;24.288070125543157;94.82697593410256;;;
3;Lorentzian;629.7007680211769;29.56974204987821;88.217568769588;;;
4;Lorentzian;950.7057942064279;57.377697600058774;36.788648003588364;;;
5;Lorentzian;537.8264616033584;89.4593834421755;27.620930588331007;;;
