label;model;x0;ampli;fwhm;fwhm_l;fwhm_r;alpha
1;Lorentzian;520.2279845515959;646.442203575034;10.07435523227529;;;
2;Lorentzian;288.398367516696;12.928098174009465;102.01515903492778;;;
3;Lorentzian;616.996139045269;16.407270933166014;73.4702984811507;;;
4;Lorentzian;946.7342098500086;37.30769079793878;21.62927154534363;;;
5;Lorentzian;537.5759208955454;65.18729605180052;23.189446228272526;;;
