label;model;x0;ampli;fwhm;fwhm_l;fwhm_r;alpha
1;Lorentzian;520.1130927147904;615.953933915644;10.433795853261996;;;
2;Lorentzian;294.57093885978014;16.00785279684551;137.2603717916495;;;
3;Lorentzian;627.4190163879274;17.607443324722666;95.87173782683311;;;
4;Lorentzian;949.5020161638879;37.208390317309224;31.997379164445938;;;
5;Lorentzian;537.4455427880832;79.65003977234285;20.941818200549854;;;
