label;model;x0;ampli;fwhm;fwhm_l;fwhm_r;alpha
1;Lorentzian;520.2168670247644;633.8341401482609;10.01330719216722;;;
2;Lorentzian;322.98941792910495;29.1169182955965;190.68421845336857;;;
3;Lorentzian;615.9868938033094;19.72455587099452;56.17885676683541;;;
4;Lorentzian;947.6890000550787;45.961826156316484;18.940498500455718;;;
5;Lorentzian;548.0952328413655;46.753487389479844;48.47431621562889;;;
