label;model;x0;ampli;fwhm;fwhm_l;fwhm_r;alpha
1;Lorentzian;520.0392791068225;891.6160584025431;9.940131898953696;;;
2;Lorentzian;288.8148612506519;30.457459862427843;102.11625163973663;;;
3;Lorentzian;630.4206749818685;28.294657090288112;93.9258787165011;;;
4;Lorentzian;954.8760631055504;63.50315357178398;43.54301632042944;;;
5;Lorentzian;537.6508810712498;100.10223430975482;24.425533739023386;;;
