label;model;x0;ampli;fwhm;fwhm_l;fwhm_r;alpha
1;Lorentzian;520.0473652415204;701.3278323653542;9.799718790923716;;;
2;Lorentzian;288.13080808547187;16.13696318162673;73.06559709286631;;;
3;Lorentzian;625.5330766607123;20.93198281106865;88.47589428504453;;;
4;Lorentzian;953.2274710010961;39.02445127081539;41.86992121117344;;;
5;Lorentzian;537.481024502628;78.89763894459709;21.694352466960652;;;
