label;model;x0;ampli;fwhm;fwhm_l;fwhm_r;alpha
1;Lorentzian;520.2760090534218;671.3189949602576;10.197704755795067;;;
2;Lorentzian;288.46904192521595;16.37537991843387;99.7417727408105;;;
3;Lorentzian;630.6472177432908;15.877954229073108;111.31081969705863;;;
4;Lorentzian;948.2634109908164;41.52649442103994;36.35083743872733;;;
5;Lorentzian;537.9625375289903;71.01273414927638;24.859214539704222;;;
