label;model;x0;ampli;fwhm;fwhm_l;fwhm_r;alpha
1;Lorentzian;520.0152543197826;658.4505012343022;10.074515723659694;;;
2;Lorentzian;294.22434085724785;18.008283881173817;102.62462909283911;;;
3;Lorentzian;615.3965265269709;17.03778608988452;90.40486288935337;;;
4;Lorentzian;955.0379647059901;39.245510488132716;39.718544485980004;;;
5;Lorentzian;537.4635940652604;84.09820571618381;22.00523038258202;;;
