label;model;x0;ampli;fwhm;fwhm_l;fwhm_r;alpha
1;Lorentzian;520.159240278312;711.6373316545067;10.514055634217756;;;
2;Lorentzian;300.86752843126516;16.53349218484575;92.60924260097417;;;
3;Lorentzian;618.6468270961103;19.88329916317884;96.7061092670826;;;
4;Lorentzian;954.1801299402531;44.23336619722974;51.04855475974786;;;
5;Lorentzian;538.3942508975585;74.38176861320461;24.206816673143685;;;
