label;model;x0;ampli;fwhm;fwhm_l;fwhm_r;alpha
1;Lorentzian;520.090639870792;666.4819857277987;9.77706948582635;;;
2;Lorentzian;295.74677845214234;18.543083401836352;51.82659730270153;;;
3;Lorentzian;631.5924141672655;13.94976010951613;96.29524175753774;;;
4;Lorentzian;946.9742907485321;38.849965375897646;24.51758028334473;;;
5;Lorentzian;537.4480139885421;73.78660695390981;25.005405136751047;;;
