label;model;x0;ampli;fwhm;fwhm_l;fwhm_r;alpha
1;Lorentzian;520.39620930164;622.7846215690366;10.202040795383404;;;
2;Lorentzian;288.3150339176406;21.1385999774808;94.44306847337224;;;
3;Lorentzian;634.0265556043779;20.60092659028147;103.59314144344015;;;
4;Lorentzian;955.9773612498911;38.221023343902246;55.771358108029254;;;
5;Lorentzian;537.4958324228321;70.03675061854085;27.181956805594076;;;
