label;model;x0;ampli;fwhm;fwhm_l;fwhm_r;alpha
1;Lorentzian;520.3275368556101;672.4084138398355;10.239513560858471;;;
2;Lorentzian;297.8863437609264;19.304801371470912;50.19652832605037;;;
3;Lorentzian;624.6756791363288;12.853122711098049;106.21384805673408;;;
4;Lorentzian;950.7715113049106;41.16233121891637;30.318461704614297;;;
5;Lorentzian;537.7293652407697;65.322599218352;24.715454951243608;;;
