label;model;x0;ampli;fwhm;fwhm_l;fwhm_r;alpha
1;Lorentzian;520.1817662683633;854.9781756857651;10.245089951655418;;;
2;Lorentzian;288.697552500574;23.775138796065004;105.73734470676541;;;
3;Lorentzian;626.3835906904342;25.9004361635993;80.3652822634484;;;
4;Lorentzian;947.122826866498;50.597701275913614;25.371721262798186;;;
5;Lorentzian;540.9903002474484;76.96245587095048;28.289305634640492;;;
