label;model;x0;ampli;fwhm;fwhm_l;fwhm_r;alpha
1;Lorentzian;519.9716063263095;708.9731553937577;9.56820376279095;;;
2;Lorentzian;288.07812884880383;20.071721966833515;95.31228753065476;;;
3;Lorentzian;619.6903381411018;22.314999979663867;96.01754986343684;;;
4;Lorentzian;950.6516611617827;36.77940245078642;34.177250642149005;;;
5;Lorentzian;537.5591120824903;74.30405225506438;25.681080360358898;;;
