label;model;x0;ampli;fwhm;fwhm_l;fwhm_r;alpha
1;Lorentzian;520.0373023224442;699.7285366069747;9.678243900451445;;;
2;Lorentzian;288.07892613230985;19.818094661365556;86.29445844568127;;;
3;Lorentzian;614.6491080636226;18.734685879007632;104.15136628068554;;;
4;Lorentzian;948.4445156366954;48.053325110548776;29.156943505031563;;;
5;Lorentzian;537.7256215977175;94.4510710213287;22.200328349487265;;;
