label;model;x0;ampli;fwhm;fwhm_l;fwhm_r;alpha
1;Lorentzian;520.1129639188391;634.4606216617467;9.867362761225717;;;
2;Lorentzian;289.3175770097718;13.495531380118573;174.36647858332162;;;
3;Lorentzian;622.1832665712526;17.56761510592931;92.50421256186159;;;
4;Lorentzian;946.0326302506476;38.50716519446041;20.25801985139043;;;
5;Lorentzian;537.5491592425599;77.8402584601343;23.303721783750564;;;
