label;model;x0;ampli;fwhm;fwhm_l;fwhm_r;alpha
1;Lorentzian;520.4423599632801;582.8066617026433;10.847214286146345;;;
2;Lorentzian;327.7720869992429;30.625616541412164;199.99585400574261;;;
3;Lorentzian;616.0105337572186;23.22911515618648;73.69636765442749;;;
4;Lorentzian;949.9242074252443;35.42593235447715;27.85383837092006;;;
5;Lorentzian;543.8511579785774;49.4599474804485;32.34688174112902;;;
