label;model;x0;ampli;fwhm;fwhm_l;fwhm_r;alpha
1;Lorentzian;520.2105031581225;693.2745143935746;10.105382473691272;;;
2;Lorentzian;289.5173370556964;18.073914278379718;98.2873235550936;;;
3;Lorentzian;636.2765979775318;21.688305761141603;95.91589548788988;;;
4;Lorentzian;972.9810323382671;57.68859887538383;113.63511063287586;;;
5;Lorentzian;537.4519638743773;81.67447302986143;25.790227835876443;;;
