label;model;x0;ampli;fwhm;fwhm_l;fwhm_r;alpha
1;Lorentzian;520.192112988321;682.0831688365023;9.860826772819797;;;
2;Lorentzian;289.60609828748557;16.438294267407223;90.86006310308335;;;
3;Lorentzian;626.4787904348;16.53444670648438;66.3934789924963;;;
4;Lorentzian;948.9302282201461;38.509824870734725;32.80676499540087;;;
5;Lorentzian;537.5309048723203;69.70871099373885;26.483064163430605;;;
