label;model;x0;ampli;fwhm;fwhm_l;fwhm_r;alpha
1;Lorentzian;520.0188253394515;745.6976651290015;9.198364284108962;;;
2;Lorentzian;288.24257383364255;16.277202076075017;91.49163911207869;;;
3;Lorentzian;628.1189531494346;16.28276702583743;92.42671836294576;;;
4;Lorentzian;950.4692226330852;40.232084797942356;34.43736178981448;;;
5;Lorentzian;537.4453567275137;91.05975381077546;23.277371790989477;;;
