label;model;x0;ampli;fwhm;fwhm_l;fwhm_r;alpha
1;Lorentzian;520.1275511737263;980.9584330520654;9.892304628136984;;;
2;Lorentzian;289.0079770391883;27.413135839890792;80.86910983532678;;;
3;Lorentzian;633.7754026396872;25.136111230614137;116.45615673774489;;;
4;Lorentzian;948.3777402750363;61.76735335009775;33.30533481078663;;;
5;Lorentzian;537.8831280506428;97.93449802999798;23.894576779585243;;;
