label;model;x0;ampli;fwhm;fwhm_l;fwhm_r;alpha
1;Lorentzian;520.0109838895914;678.698069933474;9.547611555458857;;;
2;Lorentzian;289.13366062725436;10.398581027282953;73.35171048711034;;;
3;Lorentzian;631.8876228988319;14.40786439710673;105.18947482326715;;;
4;Lorentzian;954.827692685721;35.014904034658514;38.32892058356768;;;
5;Lorentzian;537.6271148138063;79.497662586187;24.951623902112054;;;
