label;model;x0;ampli;fwhm;fwhm_l;fwhm_r;alpha
1;Lorentzian;520.0079036741836;608.8343854564823;10.080122319516416;;;
2;Lorentzian;327.8848334390097;25.827876751536984;199.41067725559205;;;
3;Lorentzian;607.2186637223604;19.947714119665367;75.00129418621493;;;
4;Lorentzian;949.1718240563365;34.974531212678755;22.223463007987842;;;
5;Lorentzian;541.8267826066017;57.88451585173576;24.948265334600485;;;
