label;model;x0;ampli;fwhm;fwhm_l;fwhm_r;alpha
1;Lorentzian;520.1247428677193;688.5116653057464;9.809916856594459;;;
2;Lorentzian;288.9936557596813;15.629674358702026;98.52508310610465;;;
3;Lorentzian;627.0451152180053;19.29868844489289;58.80722951713293;;;
4;Lorentzian;946.9102837340047;42.561268020814;28.207954147463266;;;
5;Lorentzian;537.5009763902634;78.3252906410373;23.101899421518212;;;
