label;model;x0;ampli;fwhm;fwhm_l;fwhm_r;alpha
1;Lorentzian;520.4823365369282;614.7621368668073;10.61091080466029;;;
2;Lorentzian;327.9051477354359;30.985216743000457;195.0762886488396;;;
3;Lorentzian;629.187045956262;17.730605286479797;38.696072248377064;;;
4;Lorentzian;949.045315671866;39.468851687332624;23.87739800945392;;;
5;Lorentzian;555.8454375238744;39.742542749491804;52.57950712409598;;;
