label;model;x0;ampli;fwhm;fwhm_l;fwhm_r;alpha
1;Lorentzian;520.1721415878982;563.6445294782887;10.120240355323041;;;
2;Lorentzian;323.2846454003459;26.39116603154243;199.6956298951213;;;
3;Lorentzian;604.8140264127854;20.539636654665454;73.68988611434733;;;
4;Lorentzian;953.4334240419561;36.744861281642876;22.30220105672388;;;
5;Lorentzian;539.4493642796017;52.88610707822203;30.947409952532855;;;
