label;model;x0;ampli;fwhm;fwhm_l;fwhm_r;alpha
1;Lorentzian;520.1804331073361;654.2914864907523;10.038275322835855;;;
2;Lorentzian;288.0933564530951;13.802290415687517;100.39221499187816;;;
3;Lorentzian;621.1706678581082;16.136272071687014;85.56668043396036;;;
4;Lorentzian;950.3581944918392;43.39110226040761;28.003292167831127;;;
5;Lorentzian;537.495707457175;75.4653649670939;25.072336449550235;;;
