label;model;x0;ampli;fwhm;fwhm_l;fwhm_r;alpha
1;Lorentzian;520.2417211348583;646.0046178214028;9.717493683174593;;;
2;Lorentzian;289.3334045168419;14.554455233640546;90.7957353934434;;;
3;Lorentzian;619.6142158198394;18.862479037776772;71.89167227075554;;;
4;Lorentzian;948.5759515977638;38.94333049269036;26.845766211186294;;;
5;Lorentzian;537.4479143784895;83.69450160506844;21.47232195505726;;;
