label;model;x0;ampli;fwhm;fwhm_l;fwhm_r;alpha
1;Lorentzian;520.0954476917776;673.9302944602154;9.959750189111327;;;
2;Lorentzian;296.1450377346797;15.555953565906968;63.141880975055706;;;
3;Lorentzian;628.0056418468888;16.08449261675807;72.52293375399628;;;
4;Lorentzian;947.8111562216889;42.71084605014721;26.105872037702472;;;
5;Lorentzian;537.4782074837235;81.20543116627378;26.748849398399543;;;
