label;model;x0;ampli;fwhm;fwhm_l;fwhm_r;alpha
1;Lorentzian;520.0448295344605;637.4299810835821;9.845650330650757;;;
2;Lorentzian;288.09538616487856;17.729351762259046;98.1009011418449;;;
3;Lorentzian;621.6864062788763;17.01389604333164;103.79035502633242;;;
4;Lorentzian;950.5234054680986;37.88393258448253;39.734258966772394;;;
5;Lorentzian;537.4694503671823;74.18537738810515;21.04406614667038;;;
