label;model;x0;ampli;fwhm;fwhm_l;fwhm_r;alpha
1;Lorentzian;520.4484880283935;620.4476129483925;10.297762849781078;;;
2;Lorentzian;291.88127492175363;15.637849600080479;174.31733013311313;;;
3;Lorentzian;617.2652146694385;18.217666542713022;79.78221894215231;;;
4;Lorentzian;949.6680431622905;38.416613677636;26.89760483382718;;;
5;Lorentzian;537.6159965952129;69.6361458689298;20.370956901846395;;;
