label;model;x0;ampli;fwhm;fwhm_l;fwhm_r;alpha
1;Lorentzian;520.1281701002176;716.7709296377484;9.675091811803993;;;
2;Lorentzian;293.8986754160421;21.056365490963483;74.80045414476793;;;
3;Lorentzian;616.9443265090239;14.87196973309087;94.6788462269832;;;
4;Lorentzian;951.2885052726153;34.65690042727939;39.65796481970213;;;
5;Lorentzian;537.6830009406044;84.55902023319963;25.726923657488765;;;
