label;model;x0;ampli;fwhm;fwhm_l;fwhm_r;alpha
1;Lorentzian;520.2056239513968;707.1434266242594;9.932437897281865;;;
2;Lorentzian;290.7149504380532;17.33582583458913;96.56851249170911;;;
3;Lorentzian;634.4920441830998;17.425960172806317;102.90201797029906;;;
4;Lorentzian;948.3808612690739;37.54861171803614;35.21591230589394;;;
5;Lorentzian;537.4816828918803;72.0502668384714;23.341010889544467;;;
