label;model;x0;ampli;fwhm;fwhm_l;fwhm_r;alpha
1;Lorentzian;520.0582547975389;653.2131604919172;10.025818487652217;;;
2;Lorentzian;302.88459890664967;11.872554071142172;110.1084862699141;;;
3;Lorentzian;631.3668018743243;16.907290264803294;103.27512378633065;;;
4;Lorentzian;948.5459070512509;38.14009627435147;36.37083509383059;;;
5;Lorentzian;537.5782819172324;69.84988003112299;26.346461578366664;;;
