label;model;x0;ampli;fwhm;fwhm_l;fwhm_r;alpha
1;Lorentzian;520.4119800321253;672.9163842451595;10.807755147210074;;;
2;Lorentzian;327.8380520322152;30.99614331424171;197.09675683153202;;;
3;Lorentzian;623.7735816781678;18.953336430348514;25.978673972392418;;;
4;Lorentzian;946.7869709160867;37.95676032195473;22.22803410676245;;;
5;Lorentzian;562.5103977892959;39.052435929752974;64.21732393446362;;;
