label;model;x0;ampli;fwhm;fwhm_l;fwhm_r;alpha
1;Lorentzian;520.2390146665856;673.3982547428892;10.441489613638543;;;
2;Lorentzian;288.6124884463556;16.190146281185232;107.88400310921989;;;
3;Lorentzian;626.6792712058436;14.598516046533458;86.69912670061781;;;
4;Lorentzian;950.1481891709745;40.15000624447886;23.63821394663298;;;
5;Lorentzian;539.044252350082;49.696940265794275;29.032868038331973;;;
