label;model;x0;ampli;fwhm;fwhm_l;fwhm_r;alpha
1;Lorentzian;520.1569048620956;671.7456651055288;10.266754534372291;;;
2;Lorentzian;288.0799022985414;15.28223692715778;93.44005665767754;;;
3;Lorentzian;625.6713782274111;19.59938727527694;105.38326597232717;;;
4;Lorentzian;963.0673865521609;50.80065482596821;53.187949574211856;;;
5;Lorentzian;537.4474241539568;67.28538106028437;25.197290263213347;;;
