label;model;x0;ampli;fwhm;fwhm_l;fwhm_r;alpha
1;Lorentzian;520.5008074019185;621.1739557967109;10.65973027352982;;;
2;Lorentzian;327.6053846559049;31.608768091824054;184.02177775248128;;;
3;Lorentzian;607.9747631676785;19.41190961322737;79.80356223043701;;;
4;Lorentzian;949.2581533838835;32.48733874823509;24.858539035037154;;;
5;Lorentzian;550.4598131573609;46.29159716005458;26.78173282063777;;;
