label;model;x0;ampli;fwhm;fwhm_l;fwhm_r;alpha
1;Lorentzian;520.43918828714;595.2755753214078;10.087273696543575;;;
2;Lorentzian;327.6182472385986;28.316983764836987;197.89384106107613;;;
3;Lorentzian;617.0168878915918;22.810290537516394;58.04713165401747;;;
4;Lorentzian;950.4234598227262;38.83886320820293;20.999515942842116;;;
5;Lorentzian;543.3775887983849;54.79450924769963;33.962621987267894;;;
