label;model;x0;ampli;fwhm;fwhm_l;fwhm_r;alpha
1;Lorentzian;520.1834233287527;622.7521053470173;9.716558163542066;;;
2;Lorentzian;306.9648635439392;18.57101028234115;198.4845307136298;;;
3;Lorentzian;604.4261484101438;17.521319787225632;77.9410496916554;;;
4;Lorentzian;949.5642805464383;41.66996829955948;22.538950981486707;;;
5;Lorentzian;537.6643052149386;73.24449436130544;20.817960279823687;;;
