label;model;x0;ampli;fwhm;fwhm_l;fwhm_r;alpha
1;Lorentzian;520.1591060468622;682.8233507167562;10.12569714249122;;;
2;Lorentzian;288.17765825005716;17.06311927830897;85.2693655516076;;;
3;Lorentzian;625.5521063579507;19.81995552972424;69.55696354488238;;;
4;Lorentzian;948.0033867670385;43.221179729817955;24.20539151377762;;;
5;Lorentzian;538.9025920439257;61.37973592241269;29.205115578202566;;;
