label;model;x0;ampli;fwhm;fwhm_l;fwhm_r;alpha
1;Lorentzian;520.3142721275425;703.4219772596656;10.44733736368465;;;
2;Lorentzian;288.0781540745496;19.980730748305543;92.29816929786242;;;
3;Lorentzian;633.2527965615542;18.48455335005031;111.5409256270423;;;
4;Lorentzian;948.4195173567581;41.111361046455194;30.78840095086527;;;
5;Lorentzian;537.6201191979103;69.45005146199009;25.667929693621648;;;
