label;model;x0;ampli;fwhm;fwhm_l;fwhm_r;alpha
1;Lorentzian;520.1020822016335;691.9021706970892;9.450848695290425;;;
2;Lorentzian;288.12993609564;19.64344933760275;86.36254027450327;;;
3;Lorentzian;634.6279925992616;16.94815886530806;98.96953954056093;;;
4;Lorentzian;948.0811289308801;39.45540796579376;26.88046625104764;;;
5;Lorentzian;537.448624449999;80.50242249768782;24.45796741302917;;;
