label;model;x0;ampli;fwhm;fwhm_l;fwhm_r;alpha
1;Lorentzian;520.1694677844243;929.4805795516694;9.64163099954357;;;
2;Lorentzian;288.5899270083062;22.707175840439454;93.16012130989047;;;
3;Lorentzian;623.625708626646;27.558256452535133;90.98958986506561;;;
4;Lorentzian;950.1531990991527;56.89627289860867;31.18835694637302;;;
5;Lorentzian;537.449637127274;93.60678156690366;21.619622414305127;;;
