label;model;x0;ampli;fwhm;fwhm_l;fwhm_r;alpha
1;Lorentzian;520.114746769862;695.4495454222631;9.379356967617403;;;
2;Lorentzian;291.9945047602991;17.20224926151728;90.47082609461424;;;
3;Lorentzian;617.05892694952;21.519698428488006;56.07613364466144;;;
4;Lorentzian;950.1801658991862;47.4146564112716;23.57462659148255;;;
5;Lorentzian;537.5130272782689;82.46577322499547;24.140808104613743;;;
