label;model;x0;ampli;fwhm;fwhm_l;fwhm_r;alpha
1;Lorentzian;520.1848342063003;603.1714947125168;10.222375054742272;;;
2;Lorentzian;320.47278881834836;26.524190502157985;197.95570330520508;;;
3;Lorentzian;611.4245169877789;20.6050842614074;72.95722553724501;;;
4;Lorentzian;951.3663731362142;35.38697108377727;20.474409365963673;;;
5;Lorentzian;539.2368096860073;58.09712772631036;26.61690021696338;;;
