label;model;x0;ampli;fwhm;fwhm_l;fwhm_r;alpha
1;Lorentzian;520.1166037638211;679.8829693473913;9.847686918099118;;;
2;Lorentzian;296.1007742207839;16.19943120998502;66.99207437773676;;;
3;Lorentzian;617.8158492094504;13.805146050019877;92.28034532471321;;;
4;Lorentzian;950.9788706645348;44.925736105587944;30.99233402525794;;;
5;Lorentzian;537.4815843768818;79.98067900675038;25.994723588933656;;;
