label;model;x0;ampli;fwhm;fwhm_l;fwhm_r;alpha
1;Lorentzian;520.1258712683388;674.0510950114978;9.824305638819652;;;
2;Lorentzian;289.86957740081465;16.364021402707902;87.20841754926593;;;
3;Lorentzian;623.965888849122;18.14904799209254;80.14794820912634;;;
4;Lorentzian;954.1267228164479;43.21612567881175;40.50276283510016;;;
5;Lorentzian;537.7150624492189;79.35953534364944;24.218133626181704;;;
