label;model;x0;ampli;fwhm;fwhm_l;fwhm_r;alpha
1;Lorentzian;520.1700400311703;648.174188947609;9.904105878148961;;;
2;Lorentzian;289.6827991746563;17.513201696400436;55.58477572300239;;;
3;Lorentzian;620.8437908095959;13.171850848747441;93.13733550984288;;;
4;Lorentzian;949.393592397554;40.02407457952541;27.272207406786954;;;
5;Lorentzian;538.2070057326792;66.22225658375476;25.294909994794057;;;
