label;model;x0;ampli;fwhm;fwhm_l;fwhm_r;alpha
1;Lorentzian;520.11385594085;675.5154699016866;10.026910630789077;;;
2;Lorentzian;288.5342849836515;19.481843731664643;85.15355369026807;;;
3;Lorentzian;627.5602510467434;21.263385110864782;79.99099514524123;;;
4;Lorentzian;947.2857422462988;39.250978349220205;23.38414939426051;;;
5;Lorentzian;537.4516659770447;77.24722935854592;22.460421088057803;;;
