label;model;x0;ampli;fwhm;fwhm_l;fwhm_r;alpha
1;Lorentzian;520.111727107562;673.1980834512958;9.793053499235693;;;
2;Lorentzian;288.091246203707;22.572686605811906;85.99499840765131;;;
3;Lorentzian;617.5643429988643;21.037641982007074;72.57416358273386;;;
4;Lorentzian;947.9297694715347;37.55547733073714;32.73377306866141;;;
5;Lorentzian;537.4460150000973;90.8947278734865;22.02657396480192;;;
