label;model;x0;ampli;fwhm;fwhm_l;fwhm_r;alpha
1;Lorentzian;520.3296204788418;658.9497934653217;9.870257362969836;;;
2;Lorentzian;320.7645726098335;32.17143439316605;199.98999554365818;;;
3;Lorentzian;614.2496032018602;23.778260843675824;51.88504616190915;;;
4;Lorentzian;949.3025561776794;42.737927586785204;23.7151506214053;;;
5;Lorentzian;543.1033514897885;55.27697276027156;34.176144772079;;;
