label;model;x0;ampli;fwhm;fwhm_l;fwhm_r;alpha
1;Lorentzian;520.1383408487058;677.5000172004276;10.417730445083773;;;
2;Lorentzian;289.56633635503306;21.84691553758611;105.24002113725564;;;
3;Lorentzian;621.9165707764184;22.678401518492226;104.93023167565654;;;
4;Lorentzian;974.6957187599725;54.191256553980764;86.69517605333232;;;
5;Lorentzian;538.3875318114083;76.7889944667285;20.826731480361737;;;
