label;model;x0;ampli;fwhm;fwhm_l;fwhm_r;alpha
1;Lorentzian;520.3775034932447;812.1664250757361;10.341419176887056;;;
2;Lorentzian;321.58220645346705;39.42198392676679;199.98825427923464;;;
3;Lorentzian;613.8166079547324;25.6300286329894;64.01935736302826;;;
4;Lorentzian;950.1563286974573;44.129262552202626;23.0496765716661;;;
5;Lorentzian;546.4247902997405;54.194894411625945;43.49599860379192;;;
