label;model;x0;ampli;fwhm;fwhm_l;fwhm_r;alpha
1;Lorentzian;520.2114502641055;895.713813317391;9.578137366306061;;;
2;Lorentzian;288.99860936128965;23.641410900266894;103.46454516444817;;;
3;Lorentzian;635.6920146465013;27.047367396608635;127.97972173348296;;;
4;Lorentzian;951.9256212032689;63.676816808577726;39.40388932317829;;;
5;Lorentzian;537.4667925575945;96.01960296253189;26.38690973014276;;;
