label;model;x0;ampli;fwhm;fwhm_l;fwhm_r;alpha
1;Lorentzian;520.0369757516495;640.3008934127832;10.001975151572584;;;
2;Lorentzian;290.38184381250073;13.168175811416925;95.17229037569015;;;
3;Lorentzian;621.3130344665944;17.731755175238877;56.54005540311857;;;
4;Lorentzian;950.5239040406352;38.66257841343954;39.520798432367954;;;
5;Lorentzian;537.497284134707;74.03902442922733;27.907252845542985;;;
