label;model;x0;ampli;fwhm;fwhm_l;fwhm_r;alpha
1;Lorentzian;520.2859171397789;643.96795370815;10.255996524315925;;;
2;Lorentzian;288.14030579015844;15.58662795305062;105.45119638881764;;;
3;Lorentzian;620.3262271041757;19.307879250788133;88.7943099115123;;;
4;Lorentzian;952.0632521213857;45.171553736276024;37.94734640490254;;;
5;Lorentzian;537.4806715569598;61.85843100793917;26.646912928227785;;;
