label;model;x0;ampli;fwhm;fwhm_l;fwhm_r;alpha
1;Lorentzian;520.236678267626;651.9337591417668;10.148087727198185;;;
2;Lorentzian;325.22172360015804;26.10911530010083;197.50670205751635;;;
3;Lorentzian;619.5334298107929;17.43843575898242;47.28408519003023;;;
4;Lorentzian;949.6535752233056;45.088004404603346;24.16651657381714;;;
5;Lorentzian;548.1041685947637;43.07886298937369;49.346871456622864;;;
