label;model;x0;ampli;fwhm;fwhm_l;fwhm_r;alpha
1;Lorentzian;520.1736206248096;660.5374760569887;9.496640635786747;;;
2;Lorentzian;288.10836205395975;14.591113934936828;94.51173624582736;;;
3;Lorentzian;622.787604926978;12.422811227939853;92.63662786365686;;;
4;Lorentzian;950.7418223691163;31.37757299729349;30.85126007241855;;;
5;Lorentzian;538.1025691746912;69.30119332567175;29.772245978754263;;;
