label;model;x0;ampli;fwhm;fwhm_l;fwhm_r;alpha
1;Lorentzian;520.3461604958804;676.0036813037132;10.119766318431566;;;
2;Lorentzian;288.11585094728093;19.175676820128082;94.205388898541;;;
3;Lorentzian;623.2022516344412;19.11940962315017;70.06345476615665;;;
4;Lorentzian;958.2139462649048;42.27769869370946;47.176520689795986;;;
5;Lorentzian;539.6428096473703;65.90981230134894;28.088945933303844;;;
