label;model;x0;ampli;fwhm;fwhm_l;fwhm_r;alpha
1;Lorentzian;520.4364646368638;614.7344600049809;10.767253749632012;;;
2;Lorentzian;324.2431220270532;28.030724759116715;199.61000842362;;;
3;Lorentzian;608.6374298707597;18.55500020288331;79.79568775167876;;;
4;Lorentzian;946.4345901970232;39.66305687576695;20.397911304485206;;;
5;Lorentzian;556.1172879635201;34.97082334176419;35.256728852702665;;;
