label;model;x0;ampli;fwhm;fwhm_l;fwhm_r;alpha
1;Lorentzian;520.1726182897777;671.3550398645763;9.750631558370237;;;
2;Lorentzian;288.69441408968925;18.195723580415404;100.13261560177071;;;
3;Lorentzian;620.8962952840885;15.685713711699453;78.42098483650086;;;
4;Lorentzian;949.7124257284039;32.20446105138492;43.16636877107081;;;
5;Lorentzian;537.5571351028636;78.67777277859415;25.46139351267147;;;
