label;model;x0;ampli;fwhm;fwhm_l;fwhm_r;alpha
1;Lorentzian;520.0978093105346;687.7968131013064;9.778909341857;;;
2;Lorentzian;291.64921897445555;17.65243361455701;70.89055261560563;;;
3;Lorentzian;624.952573183067;11.686323934560207;116.73221043369514;;;
4;Lorentzian;950.9390021741191;39.50789281675295;35.0596990076594;;;
5;Lorentzian;537.6835112453728;72.03518064796893;24.98050531864746;;;
