label;model;x0;ampli;fwhm;fwhm_l;fwhm_r;alpha
1;Lorentzian;519.938734475574;725.6817235991236;9.427874384030055;;;
2;Lorentzian;288.0892735019049;18.62530407664137;84.00908710851894;;;
3;Lorentzian;620.0059879404849;15.162611365991307;78.51984228034655;;;
4;Lorentzian;946.3356452898403;42.148923260094676;19.752673139564582;;;
5;Lorentzian;537.4453159128248;86.04276384453067;22.672685903521327;;;
