label;model;x0;ampli;fwhm;fwhm_l;fwhm_r;alpha
1;Lorentzian;520.0968684957124;634.6133659889214;9.828848688727753;;;
2;Lorentzian;328.0757244684368;26.079070584445923;199.99061553057848;;;
3;Lorentzian;619.4965901856667;21.423090771737485;78.94314643638583;;;
4;Lorentzian;948.1431791060892;50.045089210286086;18.297539625769843;;;
5;Lorentzian;537.4711990670752;81.08184376344065;23.886427475092198;;;
