label;model;x0;ampli;fwhm;fwhm_l;fwhm_r;alpha
1;Lorentzian;520.302342443895;594.8263382702393;10.282257340067236;;;
2;Lorentzian;326.89655030548084;17.762569826199083;197.9827549315349;;;
3;Lorentzian;616.4722733168743;20.756786235553392;71.16824172616828;;;
4;Lorentzian;955.0646183047072;39.28643260426948;30.845561371407626;;;
5;Lorentzian;537.4527185813978;66.61989254882288;23.179105422321555;;;
