label;model;x0;ampli;fwhm;fwhm_l;fwhm_r;alpha
1;Lorentzian;520.2377378429636;699.8693652029964;10.040759832480973;;;
2;Lorentzian;291.5759747880306;18.158272671744978;100.00389536921597;;;
3;Lorentzian;626.9295635808527;18.76443380239118;109.9235404389091;;;
4;Lorentzian;951.9259745944211;42.46053351366768;43.217406291473196;;;
5;Lorentzian;537.4779201187253;66.16125090748722;24.411035548418415;;;
