label;model;x0;ampli;fwhm;fwhm_l;fwhm_r;alpha
1;Lorentzian;520.3351596862931;625.7694208314891;10.470325045411677;;;
2;Lorentzian;327.5208950543693;23.85830985655845;192.51103619626798;;;
3;Lorentzian;613.254906241868;19.587176055506234;63.60164633140375;;;
4;Lorentzian;948.344797204126;32.982434672559684;25.180919720300533;;;
5;Lorentzian;546.8409235288765;46.089906698640036;38.47869042300556;;;
