label;model;x0;ampli;fwhm;fwhm_l;fwhm_r;alpha
1;Lorentzian;520.3005572089576;609.0973407747658;10.273430623957347;;;
2;Lorentzian;323.7501067607348;23.737648230762485;199.85349182674926;;;
3;Lorentzian;634.7741427615442;18.659757160271454;14.197610378094138;;;
4;Lorentzian;947.9870702359367;31.000912641846604;24.239659341909437;;;
5;Lorentzian;556.7197368811687;44.36281504712003;58.60081796689367;;;
