label;model;x0;ampli;fwhm;fwhm_l;fwhm_r;alpha
1;Lorentzian;520.1178760737891;997.7241715093629;9.769205486197475;;;
2;Lorentzian;290.06335538292376;27.337137261124738;85.36807525244619;;;
3;Lorentzian;623.7665648941185;25.512437083171854;89.71135979452754;;;
4;Lorentzian;949.8993006703316;61.68444778907092;31.599755611291446;;;
5;Lorentzian;537.624460805433;116.00037452369104;22.690247308297796;;;
