label;model;x0;ampli;fwhm;fwhm_l;fwhm_r;alpha
1;Lorentzian;520.4355344049537;584.8666413082142;10.992903924438814;;;
2;Lorentzian;322.81934916716614;23.792338633969145;184.41239941403703;;;
3;Lorentzian;624.5630006530638;18.44731109246768;41.476681826912056;;;
4;Lorentzian;947.464577218392;31.286819474563835;21.224454837332008;;;
5;Lorentzian;556.0545796662353;34.7791989057341;54.335124945876714;;;
