label;model;x0;ampli;fwhm;fwhm_l;fwhm_r;alpha
1;Lorentzian;520.1941604095443;634.1920362350281;9.921363613544887;;;
2;Lorentzian;323.394174220372;2.490033962470053;0.1507097707516114;;;
3;Lorentzian;612.6563164160444;17.51472395093977;55.878894204500185;;;
4;Lorentzian;951.1469492818032;36.286015336079295;26.207297723877222;;;
5;Lorentzian;537.4769882618032;64.767658403002;25.486075853988368;;;
