label;model;x0;ampli;fwhm;fwhm_l;fwhm_r;alpha
1;Lorentzian;520.5748476945525;604.1806922934591;11.072815649555402;;;
2;Lorentzian;327.27995415326654;17.616670995114475;199.89105488175915;;;
3;Lorentzian;611.1180687162492;5.859550298300831;96.5004504372084;;;
4;Lorentzian;953.3335502057478;37.86019732226247;35.6017299945974;;;
5;Lorentzian;577.4379121400874;23.257028106361393;116.46614493164363;;;
