label;model;x0;ampli;fwhm;fwhm_l;fwhm_r;alpha
1;Lorentzian;520.3398527412311;666.9306185376194;10.850555311882658;;;
2;Lorentzian;326.1251213356308;29.62050286183349;199.4520034920987;;;
3;Lorentzian;609.567339600963;18.941582132982077;66.3972159662967;;;
4;Lorentzian;947.2975399698558;48.65519789787996;17.699560449667352;;;
5;Lorentzian;556.2843572045832;40.59398808316425;38.30384066362896;;;
