label;model;x0;ampli;fwhm;fwhm_l;fwhm_r;alpha
1;Lorentzian;520.1936099698914;621.1658557474416;10.33779782937081;;;
2;Lorentzian;324.8902226319585;28.129306849250884;187.9964127329329;;;
3;Lorentzian;608.2582935509321;14.029581284623415;87.43734976064219;;;
4;Lorentzian;947.3832662818328;28.081726068339453;20.702156904162738;;;
5;Lorentzian;562.1450048749692;34.90995034314687;36.74167975350081;;;
