label;model;x0;ampli;fwhm;fwhm_l;fwhm_r;alpha
1;Lorentzian;520.2138550240225;645.7167577557163;10.045580690157518;;;
2;Lorentzian;327.96853024941447;23.786506729280447;199.99715252315013;;;
3;Lorentzian;613.8631649433429;20.719089053954278;55.34800073515503;;;
4;Lorentzian;944.7572882136029;32.03567726157031;17.13259496243582;;;
5;Lorentzian;544.0330826576725;49.872558638694166;37.45066142850681;;;
