label;model;x0;ampli;fwhm;fwhm_l;fwhm_r;alpha
1;Lorentzian;520.3183123801347;677.8285387383197;10.000489765911247;;;
2;Lorentzian;291.91500887156724;16.250298894465914;81.08885407241466;;;
3;Lorentzian;623.7095463260591;20.641237956424618;49.543424401059355;;;
4;Lorentzian;950.0404750703909;37.90855347639831;36.82091790750523;;;
5;Lorentzian;539.9545607012317;60.32161355482791;29.498410841999945;;;
