label;model;x0;ampli;fwhm;fwhm_l;fwhm_r;alpha
1;Lorentzian;519.9484417124711;673.2119125702144;9.738196511030782;;;
2;Lorentzian;288.98699281900275;18.330159345364212;94.31059713994058;;;
3;Lorentzian;635.7043806384064;16.46879300086446;124.70517066128197;;;
4;Lorentzian;957.1943027032311;41.653581858068804;77.98320066505886;;;
5;Lorentzian;538.7247929889745;68.52727624809806;28.22709677197589;;;
