label;model;x0;ampli;fwhm;fwhm_l;fwhm_r;alpha
1;Lorentzian;520.2402259812759;613.5993102195232;10.252977162007316;;;
2;Lorentzian;327.20016795974385;31.155605230435278;197.16364183348492;;;
3;Lorentzian;608.9976611798318;19.46362612052475;61.14804271567136;;;
4;Lorentzian;949.9505463363874;40.34304883017564;19.257886391493418;;;
5;Lorentzian;543.7042708977231;48.790740740882775;36.98104647668481;;;
