label;model;x0;ampli;fwhm;fwhm_l;fwhm_r;alpha
1;Lorentzian;520.0929248934311;698.3835947813893;9.994154344011108;;;
2;Lorentzian;288.3999884039267;17.89206070622314;83.84818287172408;;;
3;Lorentzian;621.5380605429966;17.34770825007365;96.218809981105;;;
4;Lorentzian;946.0350187642696;40.33589864135325;32.22575085366114;;;
5;Lorentzian;537.4459376948315;77.71769786041435;22.789343826948304;;;
