label;model;x0;ampli;fwhm;fwhm_l;fwhm_r;alpha
1;Lorentzian;520.0678437827656;837.40898921296;9.610063773627942;;;
2;Lorentzian;288.1991477229055;20.359955204253342;116.63686859750526;;;
3;Lorentzian;632.1310448672922;22.206812052539625;93.21453896835725;;;
4;Lorentzian;949.5711453301379;46.565580705229216;33.134593104016794;;;
5;Lorentzian;537.4862371608169;87.45780387006731;27.014174314630846;;;
