label;model;x0;ampli;fwhm;fwhm_l;fwhm_r;alpha
1;Lorentzian;520.2058079913548;674.8628080839617;10.23751736792996;;;
2;Lorentzian;289.76232430840014;17.889907531789206;96.49573538256512;;;
3;Lorentzian;636.6145514779457;19.681288007884582;120.83557133159317;;;
4;Lorentzian;957.1458645427274;43.11765981110469;62.31602028478973;;;
5;Lorentzian;537.4911379104338;71.65627072248441;20.926936876583056;;;
