label;model;x0;ampli;fwhm;fwhm_l;fwhm_r;alpha
1;Lorentzian;520.4389174117795;570.3511943865279;10.905907266973925;;;
2;Lorentzian;326.10233951095023;27.095300724555386;188.94548108775768;;;
3;Lorentzian;609.4857133672132;14.62995448759167;65.05366646743951;;;
4;Lorentzian;949.4277465042522;30.205097809839472;22.726764376665678;;;
5;Lorentzian;558.0032475302401;31.874375825531573;37.758354062462786;;;
