label;model;x0;ampli;fwhm;fwhm_l;fwhm_r;alpha
1;Lorentzian;520.0031189797571;790.840468479587;9.662186090575254;;;
2;Lorentzian;288.0858060709576;24.61212098950009;199.7490651483182;;;
3;Lorentzian;621.5427549673961;23.850848458191738;94.36147386107284;;;
4;Lorentzian;950.5089874875458;46.667877909702376;30.541013844753163;;;
5;Lorentzian;537.4480567901062;95.94036791529632;22.461039833491803;;;
