label;model;x0;ampli;fwhm;fwhm_l;fwhm_r;alpha
1;Lorentzian;520.157035024706;675.4881755529965;9.869738944927208;;;
2;Lorentzian;288.0924564411274;20.58017692436287;84.84854493342418;;;
3;Lorentzian;636.2665169863524;21.044550396329193;89.34876120312171;;;
4;Lorentzian;951.3993675978177;38.00709852173868;48.230278370781306;;;
5;Lorentzian;539.4683697637873;69.86089276895677;27.01855076465458;;;
