label;model;x0;ampli;fwhm;fwhm_l;fwhm_r;alpha
1;Lorentzian;520.120297966083;703.7428274673582;9.636902148453197;;;
2;Lorentzian;288.18673844932385;16.768132667109082;116.36879269080767;;;
3;Lorentzian;617.4080617135506;16.341817033452262;108.11551795658896;;;
4;Lorentzian;946.4790797667672;46.95139569005127;26.71378715925732;;;
5;Lorentzian;537.5491856065553;90.13826356099311;22.33013633406945;;;
