label;model;x0;ampli;fwhm;fwhm_l;fwhm_r;alpha
1;Lorentzian;520.112259626676;710.8831428093076;9.842665593627409;;;
2;Lorentzian;290.023355485208;21.04386979803714;79.52589692608034;;;
3;Lorentzian;623.1363388815686;21.3516072143465;106.69961039331832;;;
4;Lorentzian;958.4348081474045;45.18789102020833;57.55570102604158;;;
5;Lorentzian;537.4473310272231;81.08850940601042;23.43264185639856;;;
