label;model;x0;ampli;fwhm;fwhm_l;fwhm_r;alpha
1;Lorentzian;520.3080013349162;649.9261483970225;10.037479074162858;;;
2;Lorentzian;327.33181204215293;28.610620628905266;198.52460065009885;;;
3;Lorentzian;611.0398356328827;18.7204258662009;71.89145213596606;;;
4;Lorentzian;949.0323082965675;38.24237999453118;19.367898129700343;;;
5;Lorentzian;545.3390833782021;46.31348213732699;37.62615544465425;;;
