label;model;x0;ampli;fwhm;fwhm_l;fwhm_r;alpha
1;Lorentzian;520.0745602943241;630.8399351589263;9.53033265730956;;;
2;Lorentzian;290.1806207611913;12.217893794072614;99.19891559534403;;;
3;Lorentzian;625.2997999597219;15.638061016739186;102.52327181397874;;;
4;Lorentzian;950.7667493160479;39.12562288212086;27.853670569542476;;;
5;Lorentzian;537.4456603970146;75.20674556689684;25.183686540989324;;;
