label;model;x0;ampli;fwhm;fwhm_l;fwhm_r;alpha
1;Lorentzian;520.1490294068567;645.7436282089147;10.486496667611666;;;
2;Lorentzian;288.8018013951339;16.448436092536102;86.82990123836392;;;
3;Lorentzian;620.9218921011035;18.21858973189893;82.11847041839103;;;
4;Lorentzian;949.1372387147226;37.420686015060845;38.709765564912146;;;
5;Lorentzian;537.54149857997;57.34599078573709;25.961056108143953;;;
