label;model;x0;ampli;fwhm;fwhm_l;fwhm_r;alpha
1;Lorentzian;520.2247747870681;663.546122159056;9.650762141841085;;;
2;Lorentzian;299.574468648738;14.631037024732377;40.319314827084916;;;
3;Lorentzian;596.9407500373496;12.187711083058785;73.1343964942853;;;
4;Lorentzian;948.1070672840085;40.427911213624476;24.793862726778947;;;
5;Lorentzian;537.5007831131174;78.92236468728393;21.264268884037573;;;
