label;model;x0;ampli;fwhm;fwhm_l;fwhm_r;alpha
1;Lorentzian;520.2315656546994;647.9044173324756;10.362436514237416;;;
2;Lorentzian;302.1031642985321;25.00914829630415;26.780850383868447;;;
3;Lorentzian;636.0081481629347;15.04065047374332;116.02386810990777;;;
4;Lorentzian;952.7408541366946;40.71139049254649;45.25124990863429;;;
5;Lorentzian;537.5227310061897;70.2820515281927;24.125993260068345;;;
