label;model;x0;ampli;fwhm;fwhm_l;fwhm_r;alpha
1;Lorentzian;520.2176832888636;700.7602252074208;10.167736644047654;;;
2;Lorentzian;290.0305833701024;18.056389746707904;79.68822091010335;;;
3;Lorentzian;621.7367547545216;17.78082469159295;108.75177695934394;;;
4;Lorentzian;953.6994173547599;39.1291492719285;41.86909653819275;;;
5;Lorentzian;537.4485106382709;76.58864133195475;22.12511978754803;;;
