label;model;x0;ampli;fwhm;fwhm_l;fwhm_r;alpha
1;Lorentzian;520.1461348336218;702.1827852580176;10.224610531738964;;;
2;Lorentzian;288.2133343743773;19.551252787842206;71.92629688624386;;;
3;Lorentzian;631.801868752925;16.709649101881627;92.64209028672855;;;
4;Lorentzian;949.078548670843;46.99937659521271;27.859385876875987;;;
5;Lorentzian;537.9192249760167;69.02396386156003;24.751050976987898;;;
