label;model;x0;ampli;fwhm;fwhm_l;fwhm_r;alpha
1;Lorentzian;520.1530613828107;838.4485844034189;10.111290321685074;;;
2;Lorentzian;288.3858703358973;21.730850286058374;119.76080633381873;;;
3;Lorentzian;623.728511261802;18.42896757742;110.51602283651935;;;
4;Lorentzian;948.2685005466202;52.758925645546526;25.338035538558714;;;
5;Lorentzian;537.460979549957;89.4291633597098;20.63328889130842;;;
