label;model;x0;ampli;fwhm;fwhm_l;fwhm_r;alpha
1;Lorentzian;520.4276260387145;642.8440650955017;10.362040378758552;;;
2;Lorentzian;326.5550676921869;22.734037861493338;196.95198178193118;;;
3;Lorentzian;634.8708425316304;8.986736855083478;34.19666333598791;;;
4;Lorentzian;949.6244432847135;34.073745412571746;21.600414242287002;;;
5;Lorentzian;560.3700695599313;36.596803153384236;67.23308331699698;;;
