label;model;x0;ampli;fwhm;fwhm_l;fwhm_r;alpha
1;Lorentzian;520.025185901265;963.1804078435786;9.865864122431278;;;
2;Lorentzian;288.2245408198711;26.0996119671126;87.78773312117426;;;
3;Lorentzian;635.4907787954261;23.48382111122668;100.75670346181967;;;
4;Lorentzian;950.8808424328887;58.367970146947776;43.347356567440066;;;
5;Lorentzian;537.4595580960497;104.90933168703916;25.446369321488206;;;
