label;model;x0;ampli;fwhm;fwhm_l;fwhm_r;alpha
1;Lorentzian;520.0447093647987;671.4447880765183;10.473289400920194;;;
2;Lorentzian;292.0931885292335;19.567760874654688;57.44974632030442;;;
3;Lorentzian;632.3611464558473;18.268638594313742;94.50037992125463;;;
4;Lorentzian;952.5325688404781;47.70407177719517;35.844746354696476;;;
5;Lorentzian;537.4479798095053;74.44840957855487;26.388929732462362;;;
