label;model;x0;ampli;fwhm;fwhm_l;fwhm_r;alpha
1;Lorentzian;519.9610200803568;622.4809441080172;9.991438250817819;;;
2;Lorentzian;297.62453378171216;16.48871173704392;62.322601726083384;;;
3;Lorentzian;608.176674560507;12.771974275657955;96.53185305929799;;;
4;Lorentzian;944.422404757852;43.04105796948061;16.826552168875107;;;
5;Lorentzian;537.5381979182575;67.85940772017892;22.579915329807353;;;
