label;model;x0;ampli;fwhm;fwhm_l;fwhm_r;alpha
1;Lorentzian;520.5430529703142;645.7145439551916;10.550878283365817;;;
2;Lorentzian;326.45604124944117;24.160157577548823;195.2835733857724;;;
3;Lorentzian;631.7614337523211;22.05257196034061;25.92967017548693;;;
4;Lorentzian;951.097280929687;35.15404612954237;20.56341271769887;;;
5;Lorentzian;557.3636928753155;37.81944145200782;54.57316004119362;;;
