label;model;x0;ampli;fwhm;fwhm_l;fwhm_r;alpha
1;Lorentzian;520.3385089253301;665.0769704071428;10.590584264692238;;;
2;Lorentzian;288.0859746424288;14.275159480891245;107.2537797275258;;;
3;Lorentzian;625.1002098515243;13.271466657880794;74.5811760002119;;;
4;Lorentzian;949.9147214850267;44.083459956658636;33.24017191070895;;;
5;Lorentzian;544.4257382317887;50.64874938301719;32.325749489710766;;;
