label;model;x0;ampli;fwhm;fwhm_l;fwhm_r;alpha
1;Lorentzian;520.128544539934;674.0399336469003;9.895034242406965;;;
2;Lorentzian;288.35356182012663;13.880886323134504;108.14378712506543;;;
3;Lorentzian;618.8463905573653;17.069029226362826;52.143799828644774;;;
4;Lorentzian;951.1461243842459;38.180423438087;29.238989577380224;;;
5;Lorentzian;538.9527003070053;66.09589004233122;27.332365343071974;;;
