label;model;x0;ampli;fwhm;fwhm_l;fwhm_r;alpha
1;Lorentzian;520.331485456194;662.0841316858132;10.505274527897967;;;
2;Lorentzian;325.23922194498306;28.169540019299703;199.18525497380085;;;
3;Lorentzian;617.6759750963233;21.88393690977615;55.90472540928035;;;
4;Lorentzian;946.5322106256158;37.58104498588386;16.990236950998806;;;
5;Lorentzian;556.2766849655586;37.019177958274156;40.778037809914295;;;
