label;model;x0;ampli;fwhm;fwhm_l;fwhm_r;alpha
1;Lorentzian;520.0607827165168;723.0561138075403;9.662946890718727;;;
2;Lorentzian;289.4996333893839;18.03934549975976;94.0136874252175;;;
3;Lorentzian;629.8938835283584;20.484584170151194;84.04353547833271;;;
4;Lorentzian;949.6293668510136;48.0156529092919;27.790829301582942;;;
5;Lorentzian;537.7837351042261;86.44020880994755;27.880267472560483;;;
