label;model;x0;ampli;fwhm;fwhm_l;fwhm_r;alpha
1;Lorentzian;520.0129714677938;617.3136028901579;9.722441480391709;;;
2;Lorentzian;288.13028970317833;20.31367220037376;66.55778479166439;;;
3;Lorentzian;612.3207710912977;13.790088492798002;77.8660195634555;;;
4;Lorentzian;949.3435114553128;37.76797226744786;26.22450307419494;;;
5;Lorentzian;537.5494836941931;70.05048031673017;25.997648512266412;;;
