label;model;x0;ampli;fwhm;fwhm_l;fwhm_r;alpha
1;Lorentzian;520.2140286425841;594.1333356976305;10.41529975685167;;;
2;Lorentzian;323.8023893400072;24.18465103663148;196.31113518497776;;;
3;Lorentzian;621.3930352925806;16.722833113666407;33.78966824467692;;;
4;Lorentzian;947.4121234424165;40.56513732328154;17.248859435260698;;;
5;Lorentzian;548.6448760041194;34.751348825175974;49.3652419979676;;;
