label;model;x0;ampli;fwhm;fwhm_l;fwhm_r;alpha
1;Lorentzian;520.1257326584458;634.2371315913128;9.852848672621594;;;
2;Lorentzian;288.1048891231688;17.673148674178986;111.98301444396526;;;
3;Lorentzian;615.548757001514;17.458500875884933;87.6736600699486;;;
4;Lorentzian;963.2100391382285;42.74669807963011;51.07808385569959;;;
5;Lorentzian;537.4523113297953;75.38543269977316;24.28521751426631;;;
