label;model;x0;ampli;fwhm;fwhm_l;fwhm_r;alpha
1;Lorentzian;520.0512736239117;893.4495449733766;10.064686491708096;;;
2;Lorentzian;288.12412165458227;25.49423692576529;98.49300536159109;;;
3;Lorentzian;627.499146009638;27.02632751614575;105.57645191806265;;;
4;Lorentzian;949.5185945450861;59.716841620568196;29.32670472166047;;;
5;Lorentzian;538.0803822063928;92.53485068017775;26.019920745643766;;;
