label;model;x0;ampli;fwhm;fwhm_l;fwhm_r;alpha
1;Lorentzian;519.9580252541236;884.2840456925122;9.583341187224292;;;
2;Lorentzian;288.16885794468936;24.682963349950885;93.30882418547529;;;
3;Lorentzian;635.286035692294;25.566244166836984;96.95895875188889;;;
4;Lorentzian;948.5983262617375;56.957056694137314;34.94662396098841;;;
5;Lorentzian;537.5211628387199;98.93883983401228;24.76136512611452;;;
