label;model;x0;ampli;fwhm;fwhm_l;fwhm_r;alpha
1;Lorentzian;520.1559912444584;903.2977337545788;10.078979919168884;;;
2;Lorentzian;288.1982464256479;27.228589152040172;90.49022337267303;;;
3;Lorentzian;630.6848665264768;25.16434673612275;98.38930633964056;;;
4;Lorentzian;950.3137748720894;57.43336698128834;44.527469581162116;;;
5;Lorentzian;538.1977727923285;87.50856870557368;23.215913955457168;;;
