label;model;x0;ampli;fwhm;fwhm_l;fwhm_r;alpha
1;Lorentzian;520.2920621119697;680.1889664452334;10.96309057486;;;
2;Lorentzian;324.80227310221846;29.990931848431355;184.81905999990224;;;
3;Lorentzian;627.6534415389708;16.513594386187133;34.891384060967766;;;
4;Lorentzian;946.332547000272;44.84770087272568;16.799933379841647;;;
5;Lorentzian;562.813634816944;32.70542943903779;51.559521598262656;;;
