label;model;x0;ampli;fwhm;fwhm_l;fwhm_r;alpha
1;Lorentzian;519.9635996419545;661.624959116514;9.725680196079045;;;
2;Lorentzian;291.5963291542044;17.538545418513802;97.37071294284905;;;
3;Lorentzian;615.5136862944489;15.62195231390396;104.12762991026783;;;
4;Lorentzian;947.0194193635533;41.44095733206868;28.885288419067734;;;
5;Lorentzian;537.4476444863221;67.00164709132049;22.013806774418764;;;
