label;model;x0;ampli;fwhm;fwhm_l;fwhm_r;alpha
1;Lorentzian;520.156886640965;664.2610174848563;10.539877284475685;;;
2;Lorentzian;288.1038287182145;15.411683052633041;93.11790400863936;;;
3;Lorentzian;624.7778511008912;17.573637562747503;125.0785486834714;;;
4;Lorentzian;972.5777338866596;55.768768682498106;63.579864745396776;;;
5;Lorentzian;537.5497361712108;57.41107478225811;24.932591952806927;;;
