label;model;x0;ampli;fwhm;fwhm_l;fwhm_r;alpha
1;Lorentzian;520.0703578057506;709.754326886294;9.679782231713585;;;
2;Lorentzian;290.7004640696707;17.10991079981517;74.68401417471829;;;
3;Lorentzian;622.2497974754854;18.34820491153398;98.96629626146056;;;
4;Lorentzian;957.6567755611845;41.40416631406867;48.09451045014359;;;
5;Lorentzian;537.4676649923322;75.22869377262685;25.04048600198916;;;
