label;model;x0;ampli;fwhm;fwhm_l;fwhm_r;alpha
1;Lorentzian;520.1682308227587;705.6337480900727;9.79402968192854;;;
2;Lorentzian;288.09891882514165;15.288882406250263;92.76806818902156;;;
3;Lorentzian;619.5426688789423;18.368639175273145;52.32143453196003;;;
4;Lorentzian;944.8976267331643;39.561070790265184;27.466732296677243;;;
5;Lorentzian;537.565151481801;64.0072713183008;28.666301484148015;;;
