label;model;x0;ampli;fwhm;fwhm_l;fwhm_r;alpha
1;Lorentzian;520.065643512454;703.1262060555644;9.925473490344627;;;
2;Lorentzian;288.17591459936074;19.937246608701063;73.99918109162562;;;
3;Lorentzian;619.8768185989009;23.838499165724805;77.81819170114147;;;
4;Lorentzian;949.6654480788835;40.665370569348305;35.83532231367875;;;
5;Lorentzian;537.8493800884044;69.24227667750633;18.96634449128063;;;
