label;model;x0;ampli;fwhm;fwhm_l;fwhm_r;alpha
1;Lorentzian;520.2171920384361;680.800645683163;10.375976995826052;;;
2;Lorentzian;290.2593451629533;16.600883645338016;91.00042042351679;;;
3;Lorentzian;626.3006892352815;16.15107052982133;108.50862331165636;;;
4;Lorentzian;948.0521948218353;41.73180709060741;31.262447839117424;;;
5;Lorentzian;537.6542871739932;72.03306716075868;24.341444088331954;;;
