label;model;x0;ampli;fwhm;fwhm_l;fwhm_r;alpha
1;Lorentzian;520.2647634815086;839.2439814594184;10.118015748466568;;;
2;Lorentzian;288.0813729192198;24.492415907578216;102.11899251945763;;;
3;Lorentzian;622.0820824775382;24.073529464163304;81.20482824337208;;;
4;Lorentzian;947.6717744539685;49.17740829437532;28.378945648987354;;;
5;Lorentzian;539.4416333161005;88.35652499570513;24.964633686512062;;;
