label;model;x0;ampli;fwhm;fwhm_l;fwhm_r;alpha
1;Lorentzian;520.1740989279529;674.7909032687085;10.053498945940763;;;
2;Lorentzian;294.92285856025643;21.48105123130638;117.0255525073959;;;
3;Lorentzian;633.3452581789588;20.884815923692848;96.70907170134578;;;
4;Lorentzian;950.2001133518686;48.368255395323715;29.686259024930518;;;
5;Lorentzian;537.5285385768296;76.85439554900032;24.471611784806736;;;
