label;model;x0;ampli;fwhm;fwhm_l;fwhm_r;alpha
1;Lorentzian;520.2351092689796;663.4633812909644;10.435861623170839;;;
2;Lorentzian;288.5857894615813;18.099654085523014;100.33256735627754;;;
3;Lorentzian;631.9156836156583;15.678553066783774;98.5227938960728;;;
4;Lorentzian;954.1700352928748;42.023023124973285;45.64536774029251;;;
5;Lorentzian;537.5255546809826;79.51577194821733;24.041748308594613;;;
