label;model;x0;ampli;fwhm;fwhm_l;fwhm_r;alpha
1;Lorentzian;520.0967365596961;631.1878087234506;9.850743283685336;;;
2;Lorentzian;302.2980794356141;20.1176769277656;53.99398883670092;;;
3;Lorentzian;627.9465483066481;11.555219208809357;82.31474296092274;;;
4;Lorentzian;946.9993272285636;39.239296985291176;20.48593311008965;;;
5;Lorentzian;537.9024284174525;68.62700925527894;26.904114130249734;;;
