label;model;x0;ampli;fwhm;fwhm_l;fwhm_r;alpha
1;Lorentzian;520.278278307333;641.4732660059934;10.319040344591112;;;
2;Lorentzian;289.6130836312386;15.274263908689761;99.87063068999288;;;
3;Lorentzian;620.5392747420852;18.377798384224782;90.74111217477163;;;
4;Lorentzian;946.681597479503;37.482880562606965;24.141999292448734;;;
5;Lorentzian;537.5832089422223;61.185675634910815;23.214922240061174;;;
