label;model;x0;ampli;fwhm;fwhm_l;fwhm_r;alpha
1;Lorentzian;520.0973277746234;669.8489003363615;10.00798727119091;;;
2;Lorentzian;292.6855912716331;13.272862674672446;99.3545307222669;;;
3;Lorentzian;632.6698269542348;16.70719657899455;87.09238465495972;;;
4;Lorentzian;952.1601360432971;35.85327712462369;40.17543784062073;;;
5;Lorentzian;537.4620482895425;74.09985680889586;23.065529886175216;;;
