label;model;x0;ampli;fwhm;fwhm_l;fwhm_r;alpha
1;Lorentzian;520.1144505416717;651.4310698666411;9.97875232658153;;;
2;Lorentzian;288.0791428688219;15.53984411287296;78.09477848875514;;;
3;Lorentzian;619.0387929111745;16.69213573359072;97.50292390670623;;;
4;Lorentzian;957.2516824741563;38.54461256852157;56.72620327470288;;;
5;Lorentzian;537.5039818277057;67.59714474447593;25.889100619438675;;;
