label;model;x0;ampli;fwhm;fwhm_l;fwhm_r;alpha
1;Lorentzian;520.2340185828504;690.1078745690967;9.836892768756645;;;
2;Lorentzian;291.8762626866118;18.86279819966533;84.14556584659908;;;
3;Lorentzian;631.1452642606946;17.830734096848246;83.41916119539849;;;
4;Lorentzian;949.3858111504479;45.64991665086899;28.398113497863786;;;
5;Lorentzian;537.4531857642693;75.38945257315807;26.603963193837068;;;
