label;model;x0;ampli;fwhm;fwhm_l;fwhm_r;alpha
1;Lorentzian;520.2218554473128;869.1413482502351;9.622198149561855;;;
2;Lorentzian;288.15744847955716;24.394530541495293;84.51423663406203;;;
3;Lorentzian;635.359983557055;24.916185768578327;98.59823949614109;;;
4;Lorentzian;947.1561173487328;53.84143703204979;37.28073821221716;;;
5;Lorentzian;537.4456221780133;98.88138274134552;22.50962672636051;;;
