label;model;x0;ampli;fwhm;fwhm_l;fwhm_r;alpha
1;Lorentzian;520.1003507510158;629.8792767209977;9.775603436849757;;;
2;Lorentzian;328.03500038728663;14.419830623720031;199.35173503233838;;;
3;Lorentzian;598.8761204519559;21.688060347433193;67.86481291135532;;;
4;Lorentzian;949.8862715688011;36.34744119999959;23.6517929941798;;;
5;Lorentzian;537.5625932756876;70.04436045073994;22.048526207940476;;;
