label;model;x0;ampli;fwhm;fwhm_l;fwhm_r;alpha
1;Lorentzian;520.4828296843247;598.625511435212;10.65298340444597;;;
2;Lorentzian;325.60781133381954;27.186682386582387;198.9475476658551;;;
3;Lorentzian;615.5305185043435;17.745103421028897;67.23235533004149;;;
4;Lorentzian;948.4658356529366;37.78384150853557;18.68729996555797;;;
5;Lorentzian;546.9476879616055;41.44785442163679;41.506858694083334;;;
