label;model;x0;ampli;fwhm;fwhm_l;fwhm_r;alpha
1;Lorentzian;520.1895107131063;691.249466882235;10.001719259259668;;;
2;Lorentzian;289.1658160462337;11.460242397127699;94.8251118633861;;;
3;Lorentzian;631.5868661910164;18.021152911885345;86.09424251886769;;;
4;Lorentzian;952.5700397731222;45.09900146843498;35.42160039857444;;;
5;Lorentzian;539.1348990147193;62.76926986288828;23.41202855913468;;;
