label;model;x0;ampli;fwhm;fwhm_l;fwhm_r;alpha
1;Lorentzian;520.1030869720893;685.9434542362926;9.825490451203345;;;
2;Lorentzian;301.7745989137784;16.61069758698576;45.381890632756225;;;
3;Lorentzian;632.6067338678688;17.064775898370037;64.1619729120781;;;
4;Lorentzian;953.2334336399784;38.24853109124951;37.10714317112688;;;
5;Lorentzian;537.4453137932971;71.55503091501754;23.971932899265568;;;
