label;model;x0;ampli;fwhm;fwhm_l;fwhm_r;alpha
1;Lorentzian;520.1526458131094;669.1704233894028;10.068650025406335;;;
2;Lorentzian;288.6272631539666;17.321332627371397;72.48201178578185;;;
3;Lorentzian;621.9092744932088;14.804564422334908;117.3775166590924;;;
4;Lorentzian;948.219613798588;44.77159028185886;28.62824555864052;;;
5;Lorentzian;537.4905383222675;70.94463445698044;20.27016609290496;;;
