label;model;x0;ampli;fwhm;fwhm_l;fwhm_r;alpha
1;Lorentzian;520.1940582937569;710.701984910842;10.020520741024374;;;
2;Lorentzian;288.0817564878199;14.840694587805265;72.92740901122102;;;
3;Lorentzian;630.4630377804467;17.443826606025816;71.42259902374748;;;
4;Lorentzian;948.7791402482407;43.81419411058297;23.874101376671174;;;
5;Lorentzian;537.4642116210919;79.11545885791995;24.14121528772546;;;
