label;model;x0;ampli;fwhm;fwhm_l;fwhm_r;alpha
1;Lorentzian;519.9956594111727;620.0012266112162;9.982423135229778;;;
2;Lorentzian;288.37403792980894;13.999639298619359;94.02326305365179;;;
3;Lorentzian;618.2668836225856;14.978870946610108;74.66320018932443;;;
4;Lorentzian;945.2509643787915;35.85051470315678;24.618094016595514;;;
5;Lorentzian;537.4454929772311;72.31108217246003;21.56137346310879;;;
