label;model;x0;ampli;fwhm;fwhm_l;fwhm_r;alpha
1;Lorentzian;519.9993276706449;714.2168105093034;9.620661386805695;;;
2;Lorentzian;288.232136099275;16.058687418223773;80.06886931269304;;;
3;Lorentzian;617.8279484372582;15.941150246041186;85.14415743928228;;;
4;Lorentzian;951.6761472529399;45.754365207593096;28.999576520365434;;;
5;Lorentzian;537.4741795072421;88.0393301192125;23.49007973005056;;;
