label;model;x0;ampli;fwhm;fwhm_l;fwhm_r;alpha
1;Lorentzian;520.1511483064767;718.0922827239104;9.624778706967474;;;
2;Lorentzian;289.8700363326246;18.610898931249707;108.73215863396364;;;
3;Lorentzian;627.0731875507641;19.279067445904463;73.19071063005399;;;
4;Lorentzian;953.0637333147141;43.85893939089118;41.067544583698364;;;
5;Lorentzian;537.4453130006898;92.317340488546;22.53608204563432;;;
