label;model;x0;ampli;fwhm;fwhm_l;fwhm_r;alpha
1;Lorentzian;519.9552950805512;995.2502672202094;9.327741526737709;;;
2;Lorentzian;296.56377952756094;29.978536725485572;98.45022585282348;;;
3;Lorentzian;624.1077599882801;30.99214622709103;80.36716877719502;;;
4;Lorentzian;948.9294301451105;57.09408823891011;35.79224277216287;;;
5;Lorentzian;537.4505059894256;114.51063586883491;27.39618303995668;;;
