label;model;x0;ampli;fwhm;fwhm_l;fwhm_r;alpha
1;Lorentzian;520.0666211742209;635.8503548233332;9.661051607622529;;;
2;Lorentzian;291.29018510348817;15.72306030940975;102.17811766564262;;;
3;Lorentzian;619.909389139632;18.102697619552735;98.87453116903555;;;
4;Lorentzian;948.6515023978122;39.42523958855479;28.08185637771311;;;
5;Lorentzian;537.4581273201682;80.2609903142174;21.842527837601843;;;
