label;model;x0;ampli;fwhm;fwhm_l;fwhm_r;alpha
1;Lorentzian;520.2977342262652;609.162940878884;10.372661810250905;;;
2;Lorentzian;321.1589772121514;16.903736231003272;199.87805667349016;;;
3;Lorentzian;602.8078084629852;22.407828116206353;95.8162272597523;;;
4;Lorentzian;947.2108966075159;41.356023723199016;21.165281579346072;;;
5;Lorentzian;537.8134460627284;55.5146050083953;18.61165389302436;;;
