label;model;x0;ampli;fwhm;fwhm_l;fwhm_r;alpha
1;Lorentzian;520.0019259329214;698.8844353391523;10.15437201993189;;;
2;Lorentzian;288.79195765493256;16.71644259854751;96.67797437303783;;;
3;Lorentzian;622.0660771242354;18.547936908635602;95.46054346996199;;;
4;Lorentzian;951.8467272001028;37.68475466491147;42.37478467097612;;;
5;Lorentzian;537.4604443298267;78.8771878869286;20.8594838052649;;;
