label;model;x0;ampli;fwhm;fwhm_l;fwhm_r;alpha
1;Lorentzian;520.1191711889136;636.0298152580203;9.663333674532215;;;
2;Lorentzian;327.9012523402947;26.765547112824837;197.6326309279888;;;
3;Lorentzian;608.6147111999709;18.848127395166685;63.80272977885581;;;
4;Lorentzian;947.1360518982556;32.50411396310017;18.348545569692366;;;
5;Lorentzian;541.5902117709157;60.151591354904184;33.156170099060745;;;
