label;model;x0;ampli;fwhm;fwhm_l;fwhm_r;alpha
1;Lorentzian;520.3039628345481;610.9564124741296;10.632281954925716;;;
2;Lorentzian;324.31278039405794;22.859038280167425;199.70746223035823;;;
3;Lorentzian;614.3180022508146;9.894558345508402;69.18459498706098;;;
4;Lorentzian;945.6516480862064;27.005990614739545;14.687698692744755;;;
5;Lorentzian;567.7700282455934;33.887705081269644;32.200897455941515;;;
