label;model;x0;ampli;fwhm;fwhm_l;fwhm_r;alpha
1;Lorentzian;520.0465539981474;986.2113199764832;9.703126906457438;;;
2;Lorentzian;288.07816902809105;27.174630522777324;87.00693125718142;;;
3;Lorentzian;621.7634354775744;31.819295173832074;84.75180187829753;;;
4;Lorentzian;948.7236224367246;60.90561820412723;27.74211082240724;;;
5;Lorentzian;537.4989933181588;110.86707891543408;24.524698360128326;;;
