label;model;x0;ampli;fwhm;fwhm_l;fwhm_r;alpha
1;Lorentzian;520.2121024078373;649.7530512950144;10.556443288338802;;;
2;Lorentzian;291.69097359854476;19.052467146315344;59.3007678700537;;;
3;Lorentzian;625.8370433444657;17.889290886832285;93.54033304582128;;;
4;Lorentzian;947.8871217496289;45.796378077451514;26.783827849066675;;;
5;Lorentzian;537.4574422065714;77.01056423705568;24.35458588281616;;;
