label;model;x0;ampli;fwhm;fwhm_l;fwhm_r;alpha
1;Lorentzian;520.1273410169772;700.5015021159171;9.523040469789612;;;
2;Lorentzian;294.03825520519337;21.64574658532496;69.73139669233647;;;
3;Lorentzian;618.40479947679;15.67684695553801;79.68671173418728;;;
4;Lorentzian;951.2045872843386;40.379985398978874;35.66240900252367;;;
5;Lorentzian;537.5295154790866;78.62271806704058;23.504990652870394;;;
