label;model;x0;ampli;fwhm;fwhm_l;fwhm_r;alpha
1;Lorentzian;520.1455679705062;865.0180308209856;9.808254282036732;;;
2;Lorentzian;288.0867992869925;19.011495340496417;92.29348028378848;;;
3;Lorentzian;624.0819101124576;22.719598916502814;73.108777180752;;;
4;Lorentzian;949.4966683798517;56.64840682727852;31.766257758533424;;;
5;Lorentzian;537.498053260952;90.01335494468807;26.751772493217018;;;
