label;model;x0;ampli;fwhm;fwhm_l;fwhm_r;alpha
1;Lorentzian;520.1595473985956;646.094637621341;10.103172714260044;;;
2;Lorentzian;321.648070239298;27.1131863559328;186.27909917345815;;;
3;Lorentzian;618.5017943625185;13.602572772405365;68.32880633510752;;;
4;Lorentzian;948.4145699286723;27.079432146638545;25.475514045812798;;;
5;Lorentzian;559.6628523604666;36.65387568154107;41.61906347411299;;;
