label;model;x0;ampli;fwhm;fwhm_l;fwhm_r;alpha
1;Lorentzian;520.1002934990825;650.6731379359198;10.029644961158136;;;
2;Lorentzian;290.35367664080417;16.080046267794344;77.75355661633625;;;
3;Lorentzian;623.650371422658;21.3582328837643;75.53869182067324;;;
4;Lorentzian;975.5116305380412;58.93854203467154;64.2222463758566;;;
5;Lorentzian;537.500325312903;65.6460135645948;25.915286354333176;;;
