label;model;x0;ampli;fwhm;fwhm_l;fwhm_r;alpha
1;Lorentzian;520.2769329748371;615.8703350632334;10.345433656371872;;;
2;Lorentzian;327.329643545072;33.84343327585644;199.26382533464292;;;
3;Lorentzian;627.9664739240171;17.123902254524424;54.55351134787878;;;
4;Lorentzian;948.1078618145564;40.8840719557238;18.405595167897594;;;
5;Lorentzian;551.1837378745033;40.029964564069466;44.93364057191016;;;
