label;model;x0;ampli;fwhm;fwhm_l;fwhm_r;alpha
1;Lorentzian;520.2123748364467;697.344346574325;9.926646492114843;;;
2;Lorentzian;289.9428410506251;18.896179989758426;75.58803175078053;;;
3;Lorentzian;615.4095814343202;16.37651737548606;87.84266784197936;;;
4;Lorentzian;947.3753554489494;44.05798089505224;24.021663933010796;;;
5;Lorentzian;537.6844402786238;70.6225893495466;26.560600373338783;;;
