label;model;x0;ampli;fwhm;fwhm_l;fwhm_r;alpha
1;Lorentzian;520.1657815191287;971.685316721579;10.191648007873066;;;
2;Lorentzian;291.5299957016272;26.676248857270018;93.2491562549626;;;
3;Lorentzian;624.9299284887989;27.021805919539176;102.39330124828463;;;
4;Lorentzian;951.4651166250629;63.336064269446496;38.58559977339594;;;
5;Lorentzian;537.7774985799578;91.21515300463281;25.297633782819506;;;
