label;model;x0;ampli;fwhm;fwhm_l;fwhm_r;alpha
1;Lorentzian;520.182586853326;696.0226626829982;9.985838404732373;;;
2;Lorentzian;288.48465005083443;14.630265838360632;88.9452618649485;;;
3;Lorentzian;627.0254350666605;17.00555202156372;103.80615238585564;;;
4;Lorentzian;949.5513292421306;39.49987672174693;33.997306748503696;;;
5;Lorentzian;537.5810504680607;78.52570603203436;25.007056397593786;;;
