label;model;x0;ampli;fwhm;fwhm_l;fwhm_r;alpha
1;Lorentzian;520.3748758157261;615.7690279194069;10.30522388197246;;;
2;Lorentzian;288.61997702326994;17.925763309560335;197.96871739342717;;;
3;Lorentzian;621.9552608227682;17.13455115606741;100.21033522454627;;;
4;Lorentzian;951.2003547749944;44.78397286250215;33.21915808036796;;;
5;Lorentzian;538.3490562216299;66.46799000082746;25.9624204918685;;;
