label;model;x0;ampli;fwhm;fwhm_l;fwhm_r;alpha
1;Lorentzian;520.1823137212897;646.1599660289551;9.832699163309977;;;
2;Lorentzian;288.798869346453;14.150704948852688;91.38262229708447;;;
3;Lorentzian;634.2521362736915;15.999586712975937;95.40984788644482;;;
4;Lorentzian;946.3073011662765;39.59022878857898;24.975010504274408;;;
5;Lorentzian;538.0899723051715;72.5595445375816;26.704160821108214;;;
