label;model;x0;ampli;fwhm;fwhm_l;fwhm_r;alpha
1;Lorentzian;520.2174008846905;673.2334588105854;9.788487804517631;;;
2;Lorentzian;288.74201165072054;13.419076260004276;81.20735743707634;;;
3;Lorentzian;612.9543009336774;13.029102469529759;91.49163085030703;;;
4;Lorentzian;948.4948304117682;34.377902306546666;29.81634745654178;;;
5;Lorentzian;537.968341070836;68.16509653816081;21.95274580979085;;;
