label;model;x0;ampli;fwhm;fwhm_l;fwhm_r;alpha
1;Lorentzian;520.0438983388983;664.4623677549764;9.45957863548007;;;
2;Lorentzian;289.7101606540518;18.31451257777929;97.59960174185369;;;
3;Lorentzian;624.4699052847981;15.824898235414732;103.74266982634512;;;
4;Lorentzian;946.3221881893878;41.844730509119564;28.03817440704196;;;
5;Lorentzian;537.4530513529236;79.77615496830929;22.298969051548145;;;
