label;model;x0;ampli;fwhm;fwhm_l;fwhm_r;alpha
1;Lorentzian;520.1394386961433;651.9458640692277;10.052078677553776;;;
2;Lorentzian;289.48455899174047;17.9720866485434;100.85003106601447;;;
3;Lorentzian;635.6992933944969;16.11080525549223;98.1871156477902;;;
4;Lorentzian;949.9796626822649;41.89984147774854;32.610182161471876;;;
5;Lorentzian;537.4453687403415;63.149573756816736;28.250355431896768;;;
