label;model;x0;ampli;fwhm;fwhm_l;fwhm_r;alpha
1;Lorentzian;520.1569796349148;668.4581859105808;10.323047374355177;;;
2;Lorentzian;289.3466981926473;17.38239924387795;83.92804791568861;;;
3;Lorentzian;630.4516461782671;16.043460072112694;99.50909622200854;;;
4;Lorentzian;952.5263785710364;37.95513415663976;43.52375660287778;;;
5;Lorentzian;539.2328191430354;59.168855499879804;26.10145389924291;;;
