label;model;x0;ampli;fwhm;fwhm_l;fwhm_r;alpha
1;Lorentzian;520.1428207792557;801.2030001415989;9.670233035219578;;;
2;Lorentzian;295.92387217871675;22.247660360829514;192.26588449857655;;;
3;Lorentzian;618.8768936152329;28.86635609481034;61.34783186583677;;;
4;Lorentzian;948.5936287953737;50.15781520677868;25.26539666820894;;;
5;Lorentzian;537.6242188836345;95.57670557898581;26.277026977954964;;;
