label;model;x0;ampli;fwhm;fwhm_l;fwhm_r;alpha
1;Lorentzian;520.5604601982129;622.5112059977378;11.09599900754753;;;
2;Lorentzian;326.01822619508283;31.885731127173337;199.64284963330786;;;
3;Lorentzian;617.7093211455644;21.46759826608354;55.85119231849993;;;
4;Lorentzian;950.975851119106;37.717988023211525;24.022805659666503;;;
5;Lorentzian;546.4424854895457;48.727277516736116;39.095951827396924;;;
