label;model;x0;ampli;fwhm;fwhm_l;fwhm_r;alpha
1;Lorentzian;520.0092047670234;985.8420845084119;9.530090156739812;;;
2;Lorentzian;294.0067776228637;30.528933657585345;89.55236278126459;;;
3;Lorentzian;619.9654332351984;23.711962628859972;109.91422602651926;;;
4;Lorentzian;948.7998833939622;60.04213397656435;29.881906721232532;;;
5;Lorentzian;537.6983248140382;106.7493864881007;21.62594003308542;;;
