label;model;x0;ampli;fwhm;fwhm_l;fwhm_r;alpha
1;Lorentzian;520.1418894054159;627.5885949831107;9.881816991332016;;;
2;Lorentzian;293.33159349358436;17.457637021966434;62.64752257394739;;;
3;Lorentzian;626.2933394562018;16.167434808742296;83.38559956277135;;;
4;Lorentzian;972.4466252755054;62.16104940817549;55.868079371824805;;;
5;Lorentzian;537.4621642732784;75.05318501489025;26.079753406249793;;;
