label;model;x0;ampli;fwhm;fwhm_l;fwhm_r;alpha
1;Lorentzian;520.3459859161849;685.7223177376923;10.254553495927487;;;
2;Lorentzian;324.10299793974394;29.318660069386098;198.39823438208123;;;
3;Lorentzian;634.3481295057592;15.543144783672151;39.249692678224044;;;
4;Lorentzian;947.5786349467458;32.912098742588086;18.638090147776374;;;
5;Lorentzian;551.9543370839849;43.46005932650625;57.010748017755475;;;
