label;model;x0;ampli;fwhm;fwhm_l;fwhm_r;alpha
1;Lorentzian;520.0979438343329;637.6804716528112;9.961343946131507;;;
2;Lorentzian;327.96880179390524;17.351276430854092;199.98032927720863;;;
3;Lorentzian;608.9357486438039;19.991447572723725;86.76058249488996;;;
4;Lorentzian;953.2182294740904;38.794029918212054;33.14986744183292;;;
5;Lorentzian;538.1206527630053;69.0080031602264;24.038957482342127;;;
