label;model;x0;ampli;fwhm;fwhm_l;fwhm_r;alpha
1;Lorentzian;520.135702325103;690.8456263731052;9.734940241461787;;;
2;Lorentzian;288.0781291547364;18.25214641604853;86.3302064604535;;;
3;Lorentzian;621.9613596992225;13.939496450717737;94.93519350095167;;;
4;Lorentzian;944.7751040342841;41.84501886375727;17.151548718118914;;;
5;Lorentzian;537.4487529572565;82.01906319007114;22.56999776475824;;;
