label;model;x0;ampli;fwhm;fwhm_l;fwhm_r;alpha
1;Lorentzian;520.0318317164268;636.6486826570002;10.11380359850913;;;
2;Lorentzian;292.5548462890618;17.17395472717274;65.66878827415891;;;
3;Lorentzian;622.274709600057;17.97891681684756;92.71993575540148;;;
4;Lorentzian;948.6312138281695;34.59220254128956;32.67788791074493;;;
5;Lorentzian;537.4608639261755;76.66840941524542;22.40548494381105;;;
