label;model;x0;ampli;fwhm;fwhm_l;fwhm_r;alpha
1;Lorentzian;520.0319430424987;657.4486065246688;9.825824123010873;;;
2;Lorentzian;288.11961240056183;19.022580103649943;174.84257299364106;;;
3;Lorentzian;626.4139318656812;22.780115866670442;69.08942637123943;;;
4;Lorentzian;947.1827123346379;38.82166931762623;27.62091396115607;;;
5;Lorentzian;537.4464628496485;78.30726005931844;23.848008311344305;;;
