label;model;x0;ampli;fwhm;fwhm_l;fwhm_r;alpha
1;Lorentzian;520.1260139129067;706.9794354548079;10.167857628441535;;;
2;Lorentzian;288.56066713315715;19.898970010326778;85.6037510276959;;;
3;Lorentzian;622.4053482786178;21.299205430670447;122.81325591490204;;;
4;Lorentzian;959.8366068311557;48.21151150504625;62.06659360212965;;;
5;Lorentzian;537.544675381272;72.36689614912349;21.575047813486627;;;
