label;model;x0;ampli;fwhm;fwhm_l;fwhm_r;alpha
1;Lorentzian;520.0750676901985;661.3251094706565;10.03588709836042;;;
2;Lorentzian;288.1401045352726;13.375356105317096;99.91904275042242;;;
3;Lorentzian;615.3289848892423;17.309411715166974;84.59675781969112;;;
4;Lorentzian;947.4973427304711;39.34227784832943;30.705071692887486;;;
5;Lorentzian;537.4771044316589;66.79131045140781;25.495784159150748;;;
