label;model;x0;ampli;fwhm;fwhm_l;fwhm_r;alpha
1;Lorentzian;519.9908830625883;658.1069528005982;9.911697887237825;;;
2;Lorentzian;296.9207516399706;13.542448243256562;84.87964828705901;;;
3;Lorentzian;623.0556306866087;16.25048245034912;70.04127839319982;;;
4;Lorentzian;948.2395714612035;39.11717445883251;32.61840890429687;;;
5;Lorentzian;537.4547354670067;84.33556379737026;21.506610938052827;;;
