label;model;x0;ampli;fwhm;fwhm_l;fwhm_r;alpha
1;Lorentzian;520.0898572042864;659.6612902772646;10.420227980051422;;;
2;Lorentzian;288.0840028112953;19.883098799904133;97.48519997997647;;;
3;Lorentzian;636.1713311842203;18.288421752808183;197.53733903452513;;;
4;Lorentzian;959.5559842373417;42.87145814752276;69.94159877040018;;;
5;Lorentzian;537.5002504592138;75.62110500067;22.492506923963084;;;
