label;model;x0;ampli;fwhm;fwhm_l;fwhm_r;alpha
;Lorentzian;342.83117113573223;345.16386495738897;2.7027444764788466;;;
Peak IV;Lorentzian;685.6288577523885;93.26588334899878;7.10498195771434;;;
Peak II;Lorentzian;515.1002837893944;51.297816463961944;104.72473149511885;;;
;Lorentzian;302.68206464605987;115.01885523548796;24.400086688607047;;;
;Lorentzian;250.72044972777877;19.797561287223342;15.446595650735107;;;
Peak I;Lorentzian;383.5588929165614;18.57123204420056;15.932195985300446;;;
Peak III;Lorentzian;618.5699099876321;34.23001504498672;13.37605450940902;;;
;Lorentzian;650.9241158490895;33.59110397123873;6.185509030679093;;;
;Lorentzian;419.56809821322577;11.885886839482346;52.34730323269259;;;
