label;model;x0;ampli;fwhm;fwhm_l;fwhm_r;alpha
;Lorentzian;342.9159460712072;376.40749451085463;2.7307107506023054;;;
Peak IV;Lorentzian;685.5055947907751;97.3946557575737;7.874145020952317;;;
Peak II;Lorentzian;487.77511243570143;27.421004215478778;61.78281236148657;;;
;Lorentzian;304.7872314151847;107.6131079812173;15.944894953702294;;;
;Lorentzian;270.1169999452932;25.65835509638256;69.69470825420223;;;
Peak I;Lorentzian;382.3618252722115;20.659563784318973;10.417724271655537;;;
Peak III;Lorentzian;618.5192832280624;39.38944637557764;12.961608650351597;;;
;Lorentzian;650.990238797481;40.06645971916492;6.155390806980132;;;
;Lorentzian;446.95831681354485;44.34756534232627;131.04320314341763;;;
